"For Local Copy use only","","Crystals Required","","","","","","","","","","","","","","Crystal Type","Have","For Goal","Need","","","","","","","","","","","","","","","","","","","","","","","","","","","","",""
"Ability","Starting Rank","Desired Rank","","","","","","","","","","","","","","Power","","0","0","","","","","","Cry1","","Cry2","","Cry3","","","","","","","","","","","","","","","","","Hone levels for validation","",""
"Ultima","R0","R0","0","0","0","0","0","0","0","0","0","0","0","0","","White","","0","0","","","42","0","0","Black Crystal","0","Non-Elemental Crystal","0","Fire Crystal","0","0","0","0","0","0","0","0","0","0","0","0","0","","","","R0","",""
"Meltdown","R0","R0","0","0","0","0","0","0","0","0","0","0","0","0","","Black","","0","0","","","43","0","0","Black Crystal","0","Fire Crystal","0","Earth Crystal","0","0","0","0","0","0","0","0","0","0","0","0","0","","","","R1","",""
"Chain Blizzaja","R0","R0","0","0","0","0","0","0","0","0","0","0","0","0","","Summon","","0","0","","","45","0","0","Black Crystal","0","Non-Elemental Crystal","0","Ice Crystal","0","0","0","0","0","0","0","0","0","0","0","0","0","","","","R2","",""
"Chain Firaja","R0","R0","0","0","0","0","0","0","0","0","0","0","0","0","","NE","","0","0","","","47","0","0","Black Crystal","0","Non-Elemental Crystal","0","Fire Crystal","0","0","0","0","0","0","0","0","0","0","0","0","0","","","","R3","",""
"Chain Thundaja","R0","R0","0","0","0","0","0","0","0","0","0","0","0","0","","Fire","","0","0","","","54","0","0","Black Crystal","0","Lightning Crystal","0","Wind Crystal","0","0","0","0","0","0","0","0","0","0","0","0","0","","","","R4","",""
"Chain Waterja","R0","R0","0","0","0","0","0","0","0","0","0","0","0","0","","Ice","","0","0","","","57","0","0","Black Crystal","0","Fire Crystal","0","Ice Crystal","0","0","0","0","0","0","0","0","0","0","0","0","0","","","","R5","",""
"Voltech","R0","R0","0","0","0","0","0","0","0","0","0","0","0","0","","Lightning","","0","0","","","59","0","0","Black Crystal","0","Ice Crystal","0","Lightning Crystal","0","0","0","0","0","0","0","0","0","0","0","0","0","","","","","",""
"Chain Stoneja","R0","R0","0","0","0","0","0","0","0","0","0","0","0","0","","Earth","","0","0","","","60","0","0","Black Crystal","0","Earth Crystal","0","Dark Crystal","0","0","0","0","0","0","0","0","0","0","0","0","0","","","","","",""
"Chain Tornado","R0","R0","0","0","0","0","0","0","0","0","0","0","0","0","","Wind","","0","0","","","61","0","0","Black Crystal","0","Non-Elemental Crystal","0","Wind Crystal","0","0","0","0","0","0","0","0","0","0","0","0","0","","","","","",""
"Onion Wizardry (Onion Knight Only)","R0","R0","0","0","0","0","0","0","0","0","0","0","0","0","","Holy","","0","0","","","","0","0","","0","","0","","0","0","0","0","0","0","0","0","0","0","0","0","0","","","","","",""
"Explosion VIII (Maria Only)","R0","R0","0","0","0","0","0","0","0","0","0","0","0","0","","Dark","","0","0","","","","0","0","","0","","0","","0","0","0","0","0","0","0","0","0","0","0","0","0","","","","","",""
"Ultima Arrow (Serah Only)","R0","R0","0","0","0","0","0","0","0","0","0","0","0","0","","","","","","","","","0","0","","0","","0","","0","0","0","0","0","0","0","0","0","0","0","0","0","","","","","",""
"Firaga RF (Ace Only)","R0","R0","0","0","0","0","0","0","0","0","0","0","0","0","","","","","","","","","0","0","","0","","0","","0","0","0","0","0","0","0","0","0","0","0","0","0","","","","","",""
"Cleansing (Krile Only)","R0","R0","0","0","0","0","0","0","0","0","0","0","0","0","","","","","","","","","0","0","","0","","0","","0","0","0","0","0","0","0","0","0","0","0","0","0","","","","","",""
"Jolt (Alisaie Only)","R0","R0","0","0","0","0","0","0","0","0","0","0","0","0","","","","","","","","","0","0","","0","","0","","0","0","0","0","0","0","0","0","0","0","0","0","0","","","","","",""
"Riot Blade (Terra Only)","R0","R0","0","0","0","0","0","0","0","0","0","0","0","0","","","","","","","","","0","0","","0","","0","","0","0","0","0","0","0","0","0","0","0","0","0","0","","","","","",""
"Earth Rave (Red XIII Only)","R0","R0","0","0","0","0","0","0","0","0","0","0","0","0","","","","","","","","","0","0","","0","","0","","0","0","0","0","0","0","0","0","0","0","0","0","0","","","","","",""
"Whirlwind (Barbariccia Only)","R0","R0","0","0","0","0","0","0","0","0","0","0","0","0","","","","","","","","","0","0","","0","","0","","0","0","0","0","0","0","0","0","0","0","0","0","0","","","","","",""
"Pallida Mors (Meia Only)","R0","R0","0","0","0","0","0","0","0","0","0","0","0","0","","","","","","","","","0","0","","0","","0","","0","0","0","0","0","0","0","0","0","0","0","0","0","","","","","",""
"Maelstrom's Bolt (Ashe Only)","R0","R0","0","0","0","0","0","0","0","0","0","0","0","0","","","","","","","","","0","0","","0","","0","","0","0","0","0","0","0","0","0","0","0","0","0","0","","","","","",""
"Doublecast Fira (Vivi Only)","R0","R0","0","0","0","0","0","0","0","0","0","0","0","0","","","","","","","","","0","0","","0","","0","","0","0","0","0","0","0","0","0","0","0","0","0","0","","","","","",""
"Curada","R0","R0","0","0","0","0","0","0","0","0","0","0","0","0","","","","","","","","71","0","0","White Crystal","0","Earth Crystal","0","Holy Crystal","0","0","0","0","0","0","0","0","0","0","0","0","0","","","","","",""
"Reraise","R0","R0","0","0","0","0","0","0","0","0","0","0","0","0","","","","","","","","101","0","0","White Crystal","0","Wind Crystal","0","Holy Crystal","0","0","0","0","0","0","0","0","0","0","0","0","0","","","","","",""
"Holyja","R0","R0","0","0","0","0","0","0","0","0","0","0","0","0","","","","","","","","106","0","0","White Crystal","0","Ice Crystal","0","Holy Crystal","0","0","0","0","0","0","0","0","0","0","0","0","0","","","","","",""
"De'Diaja","R0","R0","0","0","0","0","0","0","0","0","0","0","0","0","","","","","","","","107","0","0","White Crystal","0","Non-Elemental Crystal","0","Holy Crystal","0","0","0","0","0","0","0","0","0","0","0","0","0","","","","","",""
"Holy VIII (Minwu Only)","R0","R0","0","0","0","0","0","0","0","0","0","0","0","0","","","","","","","","","0","0","","0","","0","","0","0","0","0","0","0","0","0","0","0","0","0","0","","","","","",""
"Siphon Sphere (Rem Only)","R0","R0","0","0","0","0","0","0","0","0","0","0","0","0","","","","","","","","","0","0","","0","","0","","0","0","0","0","0","0","0","0","0","0","0","0","0","","","","","",""
"Tycoon Cure (Lenna Only)","R0","R0","0","0","0","0","0","0","0","0","0","0","0","0","","","","","","","","","0","0","","0","","0","","0","0","0","0","0","0","0","0","0","0","0","0","0","","","","","",""
"Healing Wind (Aerith Only)","R0","R0","0","0","0","0","0","0","0","0","0","0","0","0","","","","","","","","","0","0","","0","","0","","0","0","0","0","0","0","0","0","0","0","0","0","0","","","","","",""
"Pray (Rosa Only)","R0","R0","0","0","0","0","0","0","0","0","0","0","0","0","","","","","","","","","0","0","","0","","0","","0","0","0","0","0","0","0","0","0","0","0","0","0","","","","","",""
"Repair (Aphmau Only)","R0","R0","0","0","0","0","0","0","0","0","0","0","0","0","","","","","","","","","0","0","","0","","0","","0","0","0","0","0","0","0","0","0","0","0","0","0","","","","","",""
"Oerba's Boon (Vanille Only)","R0","R0","0","0","0","0","0","0","0","0","0","0","0","0","","","","","","","","","0","0","","0","","0","","0","0","0","0","0","0","0","0","0","0","0","0","0","","","","","",""
"Pocket Potion (Iris Only)","R0","R0","0","0","0","0","0","0","0","0","0","0","0","0","","","","","","","","","0","0","","0","","0","","0","0","0","0","0","0","0","0","0","0","0","0","0","","","","","",""
"Crushdown","R0","R0","0","0","0","0","0","0","0","0","0","0","0","0","","","","","","","","125","0","0","Power Crystal","0","Fire Crystal","0","Earth Crystal","0","0","0","0","0","0","0","0","0","0","0","0","0","","","","","",""
"Omega Drive","R0","R0","0","0","0","0","0","0","0","0","0","0","0","0","","","","","","","","128","0","0","Power Crystal","0","Fire Crystal","0","Dark Crystal","0","0","0","0","0","0","0","0","0","0","0","0","0","","","","","",""
"Shifting Earth (Noctis Only)","R0","R0","0","0","0","0","0","0","0","0","0","0","0","0","","","","","","","","","0","0","","0","","0","","0","0","0","0","0","0","0","0","0","0","0","0","0","","","","","",""
"Quadruple Foul","R0","R0","0","0","0","0","0","0","0","0","0","0","0","0","","","","","","","","152","0","0","Power Crystal","0","Non-Elemental Crystal","0","Lightning Crystal","0","0","0","0","0","0","0","0","0","0","0","0","0","","","","","",""
"Affliction Break","R0","R0","0","0","0","0","0","0","0","0","0","0","0","0","","","","","","","","153","0","0","Power Crystal","0","Non-Elemental Crystal","0","Dark Crystal","0","0","0","0","0","0","0","0","0","0","0","0","0","","","","","",""
"Judgment Grimoire (Tyro Only)","R0","R0","0","0","0","0","0","0","0","0","0","0","0","0","","","","","","","","","0","0","","0","","0","","0","0","0","0","0","0","0","0","0","0","0","0","0","","","","","",""
"Northern Cross","R0","R0","0","0","0","0","0","0","0","0","0","0","0","0","","","","","","","","166","0","0","Power Crystal","0","Ice Crystal","0","Wind Crystal","0","0","0","0","0","0","0","0","0","0","0","0","0","","","","","",""
"Dervish","R0","R0","0","0","0","0","0","0","0","0","0","0","0","0","","","","","","","","168","0","0","Power Crystal","0","Lightning Crystal","0","Wind Crystal","0","0","0","0","0","0","0","0","0","0","0","0","0","","","","","",""
"Flash Disaster","R0","R0","0","0","0","0","0","0","0","0","0","0","0","0","","","","","","","","171","0","0","Power Crystal","0","Lightning Crystal","0","Wind Crystal","0","0","0","0","0","0","0","0","0","0","0","0","0","","","","","",""
"Ripping Plasma","R0","R0","0","0","0","0","0","0","0","0","0","0","0","0","","","","","","","","173","0","0","Power Crystal","0","Non-Elemental Crystal","0","Lightning Crystal","0","0","0","0","0","0","0","0","0","0","0","0","0","","","","","",""
"Running Start","R0","R0","0","0","0","0","0","0","0","0","0","0","0","0","","","","","","","","174","0","0","Power Crystal","0","Lightning Crystal","0","Wind Crystal","0","0","0","0","0","0","0","0","0","0","0","0","0","","","","","",""
"Shifting Flame (Noctis Only)","R0","R0","0","0","0","0","0","0","0","0","0","0","0","0","","","","","","","","","0","0","","0","","0","","0","0","0","0","0","0","0","0","0","0","0","0","0","","","","","",""
"Icebound","R0","R0","0","0","0","0","0","0","0","0","0","0","0","0","","","","","","","","175","0","0","Power Crystal","0","Non-Elemental Crystal","0","Ice Crystal","0","0","0","0","0","0","0","0","0","0","0","0","0","","","","","",""
"Ripping Storm","R0","R0","0","0","0","0","0","0","0","0","0","0","0","0","","","","","","","","176","0","0","Power Crystal","0","Wind Crystal","0","Earth Crystal","0","0","0","0","0","0","0","0","0","0","0","0","0","","","","","",""
"Blaze Rush (Lightning Only)","R0","R0","0","0","0","0","0","0","0","0","0","0","0","0","","","","","","","","","0","0","","0","","0","","0","0","0","0","0","0","0","0","0","0","0","0","0","","","","","",""
"Neo Bahamut","R0","R0","0","0","0","0","0","0","0","0","0","0","0","0","","","","","","","","198","0","0","Summoning Crystal","0","Non-Elemental Crystal","0","Dark Crystal","0","0","0","0","0","0","0","0","0","0","0","0","0","","","","","",""
"Valigarmanda","R0","R0","0","0","0","0","0","0","0","0","0","0","0","0","","","","","","","","202","0","0","Summoning Crystal","0","Ice Crystal","0","Lightning Crystal","0","0","0","0","0","0","0","0","0","0","0","0","0","","","","","",""
"Lunar Leviathan","R0","R0","0","0","0","0","0","0","0","0","0","0","0","0","","","","","","","","208","0","0","Summoning Crystal","0","Fire Crystal","0","Ice Crystal","0","0","0","0","0","0","0","0","0","0","0","0","0","","","","","",""
"Dark Valefor","R0","R0","0","0","0","0","0","0","0","0","0","0","0","0","","","","","","","","209","0","0","White Crystal","0","Summoning Crystal","0","Wind Crystal","0","0","0","0","0","0","0","0","0","0","0","0","0","","","","","",""
"Lunar Ifrit","R0","R0","0","0","0","0","0","0","0","0","0","0","0","0","","","","","","","","211","0","0","Summoning Crystal","0","Fire Crystal","0","Earth Crystal","0","0","0","0","0","0","0","0","0","0","0","0","0","","","","","",""
"Lunar Dragon","R0","R0","0","0","0","0","0","0","0","0","0","0","0","0","","","","","","","","212","0","0","White Crystal","0","Summoning Crystal","0","Holy Crystal","0","0","0","0","0","0","0","0","0","0","0","0","0","","","","","",""
"Brothers","R0","R0","0","0","0","0","0","0","0","0","0","0","0","0","","","","","","","","213","0","0","Summoning Crystal","0","Fire Crystal","0","Earth Crystal","0","0","0","0","0","0","0","0","0","0","0","0","0","","","","","",""
"Dark Ixion","R0","R0","0","0","0","0","0","0","0","0","0","0","0","0","","","","","","","","214","0","0","Summoning Crystal","0","Lightning Crystal","0","Wind Crystal","0","0","0","0","0","0","0","0","0","0","0","0","0","","","","","",""
"Anima","R0","R0","0","0","0","0","0","0","0","0","0","0","0","0","","","","","","","","215","0","0","Summoning Crystal","0","Non-Elemental Crystal","0","Dark Crystal","0","0","0","0","0","0","0","0","0","0","0","0","0","","","","","",""
"Summoner's Band (Rydia Only)","R0","R0","0","0","0","0","0","0","0","0","0","0","0","0","","","","","","","","","0","0","","0","","0","","0","0","0","0","0","0","0","0","0","0","0","0","0","","","","","",""
"Dark Shiva","R0","R0","0","0","0","0","0","0","0","0","0","0","0","0","","","","","","","","216","0","0","Summoning Crystal","0","Ice Crystal","0","Dark Crystal","0","0","0","0","0","0","0","0","0","0","0","0","0","","","","","",""
"Aerial Slash (Alphinaud Only)","R0","R0","0","0","0","0","0","0","0","0","0","0","0","0","","","","","","","","","0","0","","0","","0","","0","0","0","0","0","0","0","0","0","0","0","0","0","","","","","",""
"Divine Guardian (Garnet Only)","R0","R0","0","0","0","0","0","0","0","0","0","0","0","0","","","","","","","","","0","0","","0","","0","","0","0","0","0","0","0","0","0","0","0","0","0","0","","","","","",""
"Prayer of the Lost (Eiko Only)","R0","R0","0","0","0","0","0","0","0","0","0","0","0","0","","","","","","","","","0","0","","0","","0","","0","0","0","0","0","0","0","0","0","0","0","0","0","","","","","",""
"The Sending (Yuna Only)","R0","R0","0","0","0","0","0","0","0","0","0","0","0","0","","","","","","","","","0","0","","0","","0","","0","0","0","0","0","0","0","0","0","0","0","0","0","","","","","",""
"Snowspell Strike","R0","R0","0","0","0","0","0","0","0","0","0","0","0","0","","","","","","","","238","0","0","Power Crystal","0","Ice Crystal","0","Wind Crystal","0","0","0","0","0","0","0","0","0","0","0","0","0","","","","","",""
"Blastspell Strike","R0","R0","0","0","0","0","0","0","0","0","0","0","0","0","","","","","","","","245","0","0","Power Crystal","0","Fire Crystal","0","Earth Crystal","0","0","0","0","0","0","0","0","0","0","0","0","0","","","","","",""
"Stormspell Strike","R0","R0","0","0","0","0","0","0","0","0","0","0","0","0","","","","","","","","246","0","0","Power Crystal","0","Ice Crystal","0","Lightning Crystal","0","0","0","0","0","0","0","0","0","0","0","0","0","","","","","",""
"Inferno Assault","R0","R0","0","0","0","0","0","0","0","0","0","0","0","0","","","","","","","","247","0","0","Power Crystal","0","Fire Crystal","0","Dark Crystal","0","0","0","0","0","0","0","0","0","0","0","0","0","","","","","",""
"Tremor Assault","R0","R0","0","0","0","0","0","0","0","0","0","0","0","0","","","","","","","","248","0","0","Power Crystal","0","Black Crystal","0","Earth Crystal","0","0","0","0","0","0","0","0","0","0","0","0","0","","","","","",""
"Iceclaw Assault","R0","R0","0","0","0","0","0","0","0","0","0","0","0","0","","","","","","","","250","0","0","Power Crystal","0","Black Crystal","0","Ice Crystal","0","0","0","0","0","0","0","0","0","0","0","0","0","","","","","",""
"Renzokuken (Squall Only)","R0","R0","0","0","0","0","0","0","0","0","0","0","0","0","","","","","","","","","0","0","","0","","0","","0","0","0","0","0","0","0","0","0","0","0","0","0","","","","","",""
"Spinning Edge (Celes Only)","R0","R0","0","0","0","0","0","0","0","0","0","0","0","0","","","","","","","","","0","0","","0","","0","","0","0","0","0","0","0","0","0","0","0","0","0","0","","","","","",""
"Light of the Four (Bartz Only)","R0","R0","0","0","0","0","0","0","0","0","0","0","0","0","","","","","","","","","0","0","","0","","0","","0","0","0","0","0","0","0","0","0","0","0","0","0","","","","","",""
"Torrent Assault","R0","R0","0","0","0","0","0","0","0","0","0","0","0","0","","","","","","","","","0","0","","0","","0","","0","0","0","0","0","0","0","0","0","0","0","0","0","","","","","",""
"Braver (Cloud Only)","R0","R0","0","0","0","0","0","0","0","0","0","0","0","0","","","","","","","","","0","0","","0","","0","","0","0","0","0","0","0","0","0","0","0","0","0","0","","","","","",""
"Cyclone Drive (Machina Only)","R0","R0","0","0","0","0","0","0","0","0","0","0","0","0","","","","","","","","","0","0","","0","","0","","0","0","0","0","0","0","0","0","0","0","0","0","0","","","","","",""
"Bring the Pain! (Paine Only)","R0","R0","0","0","0","0","0","0","0","0","0","0","0","0","","","","","","","","","0","0","","0","","0","","0","0","0","0","0","0","0","0","0","0","0","0","0","","","","","",""
"Creation Laceration (Genesis Only)","R0","R0","0","0","0","0","0","0","0","0","0","0","0","0","","","","","","","","","0","0","","0","","0","","0","0","0","0","0","0","0","0","0","0","0","0","0","","","","","",""
"Sky High","R0","R0","0","0","0","0","0","0","0","0","0","0","0","0","","","","","","","","267","0","0","Lightning Crystal","0","Earth Crystal","0","Wind Crystal","0","0","0","0","0","0","0","0","0","0","0","0","0","","","","","",""
"Impulse Dive","R0","R0","0","0","0","0","0","0","0","0","0","0","0","0","","","","","","","","271","0","0","Lightning Crystal","0","Earth Crystal","0","Wind Crystal","0","0","0","0","0","0","0","0","0","0","0","0","0","","","","","",""
"Hurricane Bolt","R0","R0","0","0","0","0","0","0","0","0","0","0","0","0","","","","","","","","273","0","0","Power Crystal","0","Lightning Crystal","0","Wind Crystal","0","0","0","0","0","0","0","0","0","0","0","0","0","","","","","",""
"Serpent Dive","R0","R0","0","0","0","0","0","0","0","0","0","0","0","0","","","","","","","","274","0","0","Ice Crystal","0","Lightning Crystal","0","Wind Crystal","0","0","0","0","0","0","0","0","0","0","0","0","0","","","","","",""
"Whirlwind (Fang Only)","R0","R0","0","0","0","0","0","0","0","0","0","0","0","0","","","","","","","","","0","0","","0","","0","","0","0","0","0","0","0","0","0","0","0","0","0","0","","","","","",""
"Dragoon's Pride (Kain Only)","R0","R0","0","0","0","0","0","0","0","0","0","0","0","0","","","","","","","","","0","0","","0","","0","","0","0","0","0","0","0","0","0","0","0","0","0","0","","","","","",""
"Darkside Dive","R0","R0","0","0","0","0","0","0","0","0","0","0","0","0","","","","","","","","","0","0","","0","","0","","0","0","0","0","0","0","0","0","0","0","0","0","0","","","","","",""
"Star Diver (Estinien Only)","R0","R0","0","0","0","0","0","0","0","0","0","0","0","0","","","","","","","","","0","0","","0","","0","","0","0","0","0","0","0","0","0","0","0","0","0","0","","","","","",""
"Lifebane","R0","R0","0","0","0","0","0","0","0","0","0","0","0","0","","","","","","","","285","0","0","Fire Crystal","0","Lightning Crystal","0","Earth Crystal","0","0","0","0","0","0","0","0","0","0","0","0","0","","","","","",""
"Ironfist Earth","R0","R0","0","0","0","0","0","0","0","0","0","0","0","0","","","","","","","","291","0","0","Non-Elemental Crystal","0","Fire Crystal","0","Earth Crystal","0","0","0","0","0","0","0","0","0","0","0","0","0","","","","","",""
"Ironfist Fire","R0","R0","0","0","0","0","0","0","0","0","0","0","0","0","","","","","","","","292","0","0","Fire Crystal","0","Earth Crystal","0","Holy Crystal","0","0","0","0","0","0","0","0","0","0","0","0","0","","","","","",""
"Ironfist Ice","R0","R0","0","0","0","0","0","0","0","0","0","0","0","0","","","","","","","","295","0","0","Non-Elemental Crystal","0","Ice Crystal","0","Earth Crystal","0","0","0","0","0","0","0","0","0","0","0","0","0","","","","","",""
"Spirited Dispatch","R0","R0","0","0","0","0","0","0","0","0","0","0","0","0","","","","","","","","296","0","0","White Crystal","0","Fire Crystal","0","Earth Crystal","0","0","0","0","0","0","0","0","0","0","0","0","0","","","","","",""
"Flashfist Lightning","R0","R0","0","0","0","0","0","0","0","0","0","0","0","0","","","","","","","","297","0","0","Fire Crystal","0","Lightning Crystal","0","Earth Crystal","0","0","0","0","0","0","0","0","0","0","0","0","0","","","","","",""
"Froststrike (Snow Only)","R0","R0","0","0","0","0","0","0","0","0","0","0","0","0","","","","","","","","","0","0","","0","","0","","0","0","0","0","0","0","0","0","0","0","0","0","0","","","","","",""
"Qigong Palm","R0","R0","0","0","0","0","0","0","0","0","0","0","0","0","","","","","","","","","0","0","","0","","0","","0","0","0","0","0","0","0","0","0","0","0","0","0","","","","","",""
"Beat Rush (Tifa Only)","R0","R0","0","0","0","0","0","0","0","0","0","0","0","0","","","","","","","","","0","0","","0","","0","","0","0","0","0","0","0","0","0","0","0","0","0","0","","","","","",""
"Mug Bloodlust","R0","R0","0","0","0","0","0","0","0","0","0","0","0","0","","","","","","","","305","0","0","Fire Crystal","0","Wind Crystal","0","Dark Crystal","0","0","0","0","0","0","0","0","0","0","0","0","0","","","","","",""
"Fire Assault","R0","R0","0","0","0","0","0","0","0","0","0","0","0","0","","","","","","","","309","0","0","Fire Crystal","0","Wind Crystal","0","Dark Crystal","0","0","0","0","0","0","0","0","0","0","0","0","0","","","","","",""
"Storm Assault","R0","R0","0","0","0","0","0","0","0","0","0","0","0","0","","","","","","","","310","0","0","Non-Elemental Crystal","0","Wind Crystal","0","Dark Crystal","0","0","0","0","0","0","0","0","0","0","0","0","0","","","","","",""
"Aquatic Weakness","R0","R0","0","0","0","0","0","0","0","0","0","0","0","0","","","","","","","","312","0","0","Ice Crystal","0","Wind Crystal","0","Dark Crystal","0","0","0","0","0","0","0","0","0","0","0","0","0","","","","","",""
"Mirage Raid (Locke Only)","R0","R0","0","0","0","0","0","0","0","0","0","0","0","0","","","","","","","","","0","0","","0","","0","","0","0","0","0","0","0","0","0","0","0","0","0","0","","","","","",""
"Al Bhed Steal (Rikku Only)","R0","R0","0","0","0","0","0","0","0","0","0","0","0","0","","","","","","","","","0","0","","0","","0","","0","0","0","0","0","0","0","0","0","0","0","0","0","","","","","",""
"Sagefire (Ignis Only)","R0","R0","0","0","0","0","0","0","0","0","0","0","0","0","","","","","","","","","0","0","","0","","0","","0","0","0","0","0","0","0","0","0","0","0","0","0","","","","","",""
"Scoop Art (Zidane Only)","R0","R0","0","0","0","0","0","0","0","0","0","0","0","0","","","","","","","","","0","0","","0","","0","","0","0","0","0","0","0","0","0","0","0","0","0","0","","","","","",""
"Pirate Anchor (Leila Only)","R0","R0","0","0","0","0","0","0","0","0","0","0","0","0","","","","","","","","","0","0","","0","","0","","0","0","0","0","0","0","0","0","0","0","0","0","0","","","","","",""
"Red Spiral (Vaan Only)","R0","R0","0","0","0","0","0","0","0","0","0","0","0","0","","","","","","","","","0","0","","0","","0","","0","0","0","0","0","0","0","0","0","0","0","0","0","","","","","",""
"Pirate's Cannon (Faris Only)","R0","R0","0","0","0","0","0","0","0","0","0","0","0","0","","","","","","","","","0","0","","0","","0","","0","0","0","0","0","0","0","0","0","0","0","0","0","","","","","",""
"Aegis Strike","R0","R0","0","0","0","0","0","0","0","0","0","0","0","0","","","","","","","","326","0","0","Ice Crystal","0","Earth Crystal","0","Holy Crystal","0","0","0","0","0","0","0","0","0","0","0","0","0","","","","","",""
"Healing Smite","R0","R0","0","0","0","0","0","0","0","0","0","0","0","0","","","","","","","","333","0","0","White Crystal","0","Earth Crystal","0","Holy Crystal","0","0","0","0","0","0","0","0","0","0","0","0","0","","","","","",""
"Gaia Force","R0","R0","0","0","0","0","0","0","0","0","0","0","0","0","","","","","","","","334","0","0","White Crystal","0","Earth Crystal","0","Holy Crystal","0","0","0","0","0","0","0","0","0","0","0","0","0","","","","","",""
"Paladin Force (Cecil (Paladin) Only)","R0","R0","0","0","0","0","0","0","0","0","0","0","0","0","","","","","","","","","0","0","","0","","0","","0","0","0","0","0","0","0","0","0","0","0","0","0","","","","","",""
"Seiken Shock (Beatrix Only)","R0","R0","0","0","0","0","0","0","0","0","0","0","0","0","","","","","","","","","0","0","","0","","0","","0","0","0","0","0","0","0","0","0","0","0","0","0","","","","","",""
"Saintly Swordplay (Orlandeau Only)","R0","R0","0","0","0","0","0","0","0","0","0","0","0","0","","","","","","","","","0","0","","0","","0","","0","0","0","0","0","0","0","0","0","0","0","0","0","","","","","",""
"Radiant Sword (Warrior of Light Only)","R0","R0","0","0","0","0","0","0","0","0","0","0","0","0","","","","","","","","","0","0","","0","","0","","0","0","0","0","0","0","0","0","0","0","0","0","0","","","","","",""
"Great Form","R0","R0","0","0","0","0","0","0","0","0","0","0","0","0","","","","","","","","335","0","0","White Crystal","0","Earth Crystal","0","Holy Crystal","0","0","0","0","0","0","0","0","0","0","0","0","0","","","","","",""
"Titan Blade (Ingus Only)","R0","R0","0","0","0","0","0","0","0","0","0","0","0","0","","","","","","","","","0","0","","0","","0","","0","0","0","0","0","0","0","0","0","0","0","0","0","","","","","",""
"Royal Guard (Gladiolus Only)","R0","R0","0","0","0","0","0","0","0","0","0","0","0","0","","","","","","","","","0","0","","0","","0","","0","0","0","0","0","0","0","0","0","0","0","0","0","","","","","",""
"Quadrisection (Ramza Only)","R0","R0","0","0","0","0","0","0","0","0","0","0","0","0","","","","","","","","","0","0","","0","","0","","0","0","0","0","0","0","0","0","0","0","0","0","0","","","","","",""
"Demonsblood","R0","R0","0","0","0","0","0","0","0","0","0","0","0","0","","","","","","","","343","0","0","Non-Elemental Crystal","0","Ice Crystal","0","Dark Crystal","0","0","0","0","0","0","0","0","0","0","0","0","0","","","","","",""
"Fire-Touched Blade","R0","R0","0","0","0","0","0","0","0","0","0","0","0","0","","","","","","","","352","0","0","Non-Elemental Crystal","0","Fire Crystal","0","Wind Crystal","0","0","0","0","0","0","0","0","0","0","0","0","0","","","","","",""
"Frost-Touched Blade","R0","R0","0","0","0","0","0","0","0","0","0","0","0","0","","","","","","","","353","0","0","Non-Elemental Crystal","0","Ice Crystal","0","Lightning Crystal","0","0","0","0","0","0","0","0","0","0","0","0","0","","","","","",""
"Frostfire Carnage","R0","R0","0","0","0","0","0","0","0","0","0","0","0","0","","","","","","","","354","0","0","Non-Elemental Crystal","0","Fire Crystal","0","Ice Crystal","0","0","0","0","0","0","0","0","0","0","0","0","0","","","","","",""
"Freezeburn Moon","R0","R0","0","0","0","0","0","0","0","0","0","0","0","0","","","","","","","","","0","0","","0","","0","","0","0","0","0","0","0","0","0","0","0","0","0","0","","","","","",""
"Wild Rose (Firion Only)","R0","R0","0","0","0","0","0","0","0","0","0","0","0","0","","","","","","","","","0","0","","0","","0","","0","0","0","0","0","0","0","0","0","0","0","0","0","","","","","",""
"Tachi Gekko (Ayame Only)","R0","R0","0","0","0","0","0","0","0","0","0","0","0","0","","","","","","","","","0","0","","0","","0","","0","0","0","0","0","0","0","0","0","0","0","0","0","","","","","",""
"Banishing Blade (Auron Only)","R0","R0","0","0","0","0","0","0","0","0","0","0","0","0","","","","","","","","","0","0","","0","","0","","0","0","0","0","0","0","0","0","0","0","0","0","0","","","","","",""
"Stitch in Time","R0","R0","0","0","0","0","0","0","0","0","0","0","0","0","","","","","","","","366","0","0","Ice Crystal","0","Wind Crystal","0","Dark Crystal","0","0","0","0","0","0","0","0","0","0","0","0","0","","","","","",""
"Azure Unending","R0","R0","0","0","0","0","0","0","0","0","0","0","0","0","","","","","","","","375","0","0","Ice Crystal","0","Wind Crystal","0","Dark Crystal","0","0","0","0","0","0","0","0","0","0","0","0","0","","","","","",""
"Grind to Dust","R0","R0","0","0","0","0","0","0","0","0","0","0","0","0","","","","","","","","376","0","0","Earth Crystal","0","Wind Crystal","0","Dark Crystal","0","0","0","0","0","0","0","0","0","0","0","0","0","","","","","",""
"Shadow Fang (Shadow Only)","R0","R0","0","0","0","0","0","0","0","0","0","0","0","0","","","","","","","","","0","0","","0","","0","","0","0","0","0","0","0","0","0","0","0","0","0","0","","","","","",""
"Fleeting Fragrance","R0","R0","0","0","0","0","0","0","0","0","0","0","0","0","","","","","","","","377","0","0","Ice Crystal","0","Earth Crystal","0","Dark Crystal","0","0","0","0","0","0","0","0","0","0","0","0","0","","","","","",""
"Phantasmagoric","R0","R0","0","0","0","0","0","0","0","0","0","0","0","0","","","","","","","","","0","0","","0","","0","","0","0","0","0","0","0","0","0","0","0","0","0","0","","","","","",""
"Ninjutsu (Edge Only)","R0","R0","0","0","0","0","0","0","0","0","0","0","0","0","","","","","","","","","0","0","","0","","0","","0","0","0","0","0","0","0","0","0","0","0","0","0","","","","","",""
"Gauntlet (Yuffie Only)","R0","R0","0","0","0","0","0","0","0","0","0","0","0","0","","","","","","","","","0","0","","0","","0","","0","0","0","0","0","0","0","0","0","0","0","0","0","","","","","",""
"Allegro con Moto","R0","R0","0","0","0","0","0","0","0","0","0","0","0","0","","","","","","","","389","0","0","White Crystal","0","Earth Crystal","0","Holy Crystal","0","0","0","0","0","0","0","0","0","0","0","0","0","","","","","",""
"Divine Dirge","R0","R0","0","0","0","0","0","0","0","0","0","0","0","0","","","","","","","","394","0","0","White Crystal","0","Earth Crystal","0","Holy Crystal","0","0","0","0","0","0","0","0","0","0","0","0","0","","","","","",""
"Celestial Stasis (Orran Only)","R0","R0","0","0","0","0","0","0","0","0","0","0","0","0","","","","","","","","","0","0","","0","","0","","0","0","0","0","0","0","0","0","0","0","0","0","0","","","","","",""
"Wild Rose Prayer (Hilda Only)","R0","R0","0","0","0","0","0","0","0","0","0","0","0","0","","","","","","","","","0","0","","0","","0","","0","0","0","0","0","0","0","0","0","0","0","0","0","","","","","",""
"Hymn of Healing (Deuce Only)","R0","R0","0","0","0","0","0","0","0","0","0","0","0","0","","","","","","","","","0","0","","0","","0","","0","0","0","0","0","0","0","0","0","0","0","0","0","","","","","",""
"Passionate Salsa","R0","R0","0","0","0","0","0","0","0","0","0","0","0","0","","","","","","","","407","0","0","White Crystal","0","Holy Crystal","0","Dark Crystal","0","0","0","0","0","0","0","0","0","0","0","0","0","","","","","",""
"War Dance (Penelo Only)","R0","R0","0","0","0","0","0","0","0","0","0","0","0","0","","","","","","","","","0","0","","0","","0","","0","0","0","0","0","0","0","0","0","0","0","0","0","","","","","",""
"Slot (Selphie Only)","R0","R0","0","0","0","0","0","0","0","0","0","0","0","0","","","","","","","","","0","0","","0","","0","","0","0","0","0","0","0","0","0","0","0","0","0","0","","","","","",""
"Penalty Snipe","R0","R0","0","0","0","0","0","0","0","0","0","0","0","0","","","","","","","","413","0","0","Ice Crystal","0","Lightning Crystal","0","Dark Crystal","0","0","0","0","0","0","0","0","0","0","0","0","0","","","","","",""
"Burnt Offering","R0","R0","0","0","0","0","0","0","0","0","0","0","0","0","","","","","","","","421","0","0","Non-Elemental Crystal","0","Fire Crystal","0","Lightning Crystal","0","0","0","0","0","0","0","0","0","0","0","0","0","","","","","",""
"Icy Offering","R0","R0","0","0","0","0","0","0","0","0","0","0","0","0","","","","","","","","422","0","0","Black Crystal","0","Ice Crystal","0","Lightning Crystal","0","0","0","0","0","0","0","0","0","0","0","0","0","","","","","",""
"Plasma Shock","R0","R0","0","0","0","0","0","0","0","0","0","0","0","0","","","","","","","","423","0","0","Non-Elemental Crystal","0","Lightning Crystal","0","Wind Crystal","0","0","0","0","0","0","0","0","0","0","0","0","0","","","","","",""
"Beast Flare (Vincent Only)","R0","R0","0","0","0","0","0","0","0","0","0","0","0","0","","","","","","","","","0","0","","0","","0","","0","0","0","0","0","0","0","0","0","0","0","0","0","","","","","",""
"Trinity Grenade","R0","R0","0","0","0","0","0","0","0","0","0","0","0","0","","","","","","","","424","0","0","Fire Crystal","0","Ice Crystal","0","Lightning Crystal","0","0","0","0","0","0","0","0","0","0","0","0","0","","","","","",""
"Charged Shot (Cater Only)","R0","R0","0","0","0","0","0","0","0","0","0","0","0","0","","","","","","","","","0","0","","0","","0","","0","0","0","0","0","0","0","0","0","0","0","0","0","","","","","",""
"Pyramid (Reno Only)","R0","R0","0","0","0","0","0","0","0","0","0","0","0","0","","","","","","","","","0","0","","0","","0","","0","0","0","0","0","0","0","0","0","0","0","0","0","","","","","",""
"Trigger Happy (Prompt Only)","R0","R0","0","0","0","0","0","0","0","0","0","0","0","0","","","","","","","","","0","0","","0","","0","","0","0","0","0","0","0","0","0","0","0","0","0","0","","","","","",""
"Demon's Cross","R0","R0","0","0","0","0","0","0","0","0","0","0","0","0","","","","","","","","439","0","0","Black Crystal","0","Earth Crystal","0","Dark Crystal","0","0","0","0","0","0","0","0","0","0","0","0","0","","","","","",""
"Necro Countdown","R0","R0","0","0","0","0","0","0","0","0","0","0","0","0","","","","","","","","440","0","0","Non-Elemental Crystal","0","Ice Crystal","0","Dark Crystal","0","0","0","0","0","0","0","0","0","0","0","0","0","","","","","",""
"Touched by Darkness","R0","R0","0","0","0","0","0","0","0","0","0","0","0","0","","","","","","","","441","0","0","Non-Elemental Crystal","0","Fire Crystal","0","Dark Crystal","0","0","0","0","0","0","0","0","0","0","0","0","0","","","","","",""
"Taboo Raid","R0","R0","0","0","0","0","0","0","0","0","0","0","0","0","","","","","","","","442","0","0","Non-Elemental Crystal","0","Earth Crystal","0","Dark Crystal","0","0","0","0","0","0","0","0","0","0","0","0","0","","","","","",""
"Shadow Drake (Golbez Only)","R0","R0","0","0","0","0","0","0","0","0","0","0","0","0","","","","","","","","","0","0","","0","","0","","0","0","0","0","0","0","0","0","0","0","0","0","0","","","","","",""
"Darkness (Cecil (Dark Knight) Only)","R0","R0","0","0","0","0","0","0","0","0","0","0","0","0","","","","","","","","","0","0","","0","","0","","0","0","0","0","0","0","0","0","0","0","0","0","0","","","","","",""
"Forbidden Cross","R0","R0","0","0","0","0","0","0","0","0","0","0","0","0","","","","","","","","443","0","0","Black Crystal","0","Non-Elemental Crystal","0","Dark Crystal","0","0","0","0","0","0","0","0","0","0","0","0","0","","","","","",""
"Sacrifice Pawn (Nabaat Only)","R0","R0","0","0","0","0","0","0","0","0","0","0","0","0","","","","","","","","","0","0","","0","","0","","0","0","0","0","0","0","0","0","0","0","0","0","0","","","","","",""
"Double Hole (Exdeath Only)","R0","R0","0","0","0","0","0","0","0","0","0","0","0","0","","","","","","","","","0","0","","0","","0","","0","0","0","0","0","0","0","0","0","0","0","0","0","","","","","",""
"Heartless Angel (Sephiroth Only)","R0","R0","0","0","0","0","0","0","0","0","0","0","0","0","","","","","","","","","0","0","","0","","0","","0","0","0","0","0","0","0","0","0","0","0","0","0","","","","","",""
"Fellblade (Gaffgarion Only)","R0","R0","0","0","0","0","0","0","0","0","0","0","0","0","","","","","","","","","0","0","","0","","0","","0","0","0","0","0","0","0","0","0","0","0","0","0","","","","","",""
"Bloodfeast (Seifer Only)","R0","R0","0","0","0","0","0","0","0","0","0","0","0","0","","","","","","","","","0","0","","0","","0","","0","0","0","0","0","0","0","0","0","0","0","0","0","","","","","",""
"Dark Aura (Ardyn Only)","R0","R0","0","0","0","0","0","0","0","0","0","0","0","0","","","","","","","","","0","0","","0","","0","","0","0","0","0","0","0","0","0","0","0","0","0","0","","","","","",""
"Sapphire Bullet","R0","R0","0","0","0","0","0","0","0","0","0","0","0","0","","","","","","","","450","0","0","Ice Crystal","0","Lightning Crystal","0","Holy Crystal","0","0","0","0","0","0","0","0","0","0","0","0","0","","","","","",""
"Icicle Bullet","R0","R0","0","0","0","0","0","0","0","0","0","0","0","0","","","","","","","","451","0","0","Ice Crystal","0","Lightning Crystal","0","Dark Crystal","0","0","0","0","0","0","0","0","0","0","0","0","0","","","","","",""
"Trinity Bombshell","R0","R0","0","0","0","0","0","0","0","0","0","0","0","0","","","","","","","","452","0","0","Fire Crystal","0","Ice Crystal","0","Lightning Crystal","0","0","0","0","0","0","0","0","0","0","0","0","0","","","","","",""
"Ruby Bombshell","R0","R0","0","0","0","0","0","0","0","0","0","0","0","0","","","","","","","","453","0","0","White Crystal","0","Fire Crystal","0","Lightning Crystal","0","0","0","0","0","0","0","0","0","0","0","0","0","","","","","",""
"Midnight Bullet","R0","R0","0","0","0","0","0","0","0","0","0","0","0","0","","","","","","","","455","0","0","Black Crystal","0","Lightning Crystal","0","Dark Crystal","0","0","0","0","0","0","0","0","0","0","0","0","0","","","","","",""
"Jecht Shot (Tidus Only)","R0","R0","0","0","0","0","0","0","0","0","0","0","0","0","","","","","","","","","0","0","","0","","0","","0","0","0","0","0","0","0","0","0","0","0","0","0","","","","","",""
"Lunatic Thunder","R0","R0","0","0","0","0","0","0","0","0","0","0","0","0","","","","","","","","460","0","0","Black Crystal","0","Lightning Crystal","0","Dark Crystal","0","0","0","0","0","0","0","0","0","0","0","0","0","","","","","",""
"Chilling Blizzard","R0","R0","0","0","0","0","0","0","0","0","0","0","0","0","","","","","","","","461","0","0","Non-Elemental Crystal","0","Ice Crystal","0","Dark Crystal","0","0","0","0","0","0","0","0","0","0","0","0","0","","","","","",""
"Angel Wing (Rinoa Only)","R0","R0","0","0","0","0","0","0","0","0","0","0","0","0","","","","","","","","","0","0","","0","","0","","0","0","0","0","0","0","0","0","0","0","0","0","0","","","","","",""
"Howling Flames","R0","R0","0","0","0","0","0","0","0","0","0","0","0","0","","","","","","","","464","0","0","Black Crystal","0","Fire Crystal","0","Dark Crystal","0","0","0","0","0","0","0","0","0","0","0","0","0","","","","","",""
"Aetherial Force (Y'shtola Only)","R0","R0","0","0","0","0","0","0","0","0","0","0","0","0","","","","","","","","","0","0","","0","","0","","0","0","0","0","0","0","0","0","0","0","0","0","0","","","","","",""
"Play Rough (Shantotto Only)","R0","R0","0","0","0","0","0","0","0","0","0","0","0","0","","","","","","","","","0","0","","0","","0","","0","0","0","0","0","0","0","0","0","0","0","0","0","","","","","",""
"Quake Swing","R0","R0","0","0","0","0","0","0","0","0","0","0","0","0","","","","","","","","479","0","0","Power Crystal","0","Fire Crystal","0","Earth Crystal","0","0","0","0","0","0","0","0","0","0","0","0","0","","","","","",""
"Darkness Swing","R0","R0","0","0","0","0","0","0","0","0","0","0","0","0","","","","","","","","480","0","0","Power Crystal","0","Earth Crystal","0","Dark Crystal","0","0","0","0","0","0","0","0","0","0","0","0","0","","","","","",""
"Full Swing (Cinque Only)","R0","R0","0","0","0","0","0","0","0","0","0","0","0","0","","","","","","","","","0","0","","0","","0","","0","0","0","0","0","0","0","0","0","0","0","0","0","","","","","",""
"Innocence (Gabranth Only)","R0","R0","0","0","0","0","0","0","0","0","0","0","0","0","","","","","","","","","0","0","","0","","0","","0","0","0","0","0","0","0","0","0","0","0","0","0","","","","","",""
"","R0","R0","0","0","0","0","0","0","0","0","0","0","0","0","","","","","","","","","0","0","","0","","0","","0","0","0","0","0","0","0","0","0","0","0","0","0","","","","","",""
"","R0","R0","0","0","0","0","0","0","0","0","0","0","0","0","","","","","","","","","0","0","","0","","0","","0","0","0","0","0","0","0","0","0","0","0","0","0","","","","","",""
"","R0","R0","0","0","0","0","0","0","0","0","0","0","0","0","","","","","","","","","0","0","","0","","0","","0","0","0","0","0","0","0","0","0","0","0","0","0","","","","","",""
"","R0","R0","0","0","0","0","0","0","0","0","0","0","0","0","","","","","","","","","0","0","","0","","0","","0","0","0","0","0","0","0","0","0","0","0","0","0","","","","","",""
"","R0","R0","0","0","0","0","0","0","0","0","0","0","0","0","","","","","","","","","0","0","","0","","0","","0","0","0","0","0","0","0","0","0","0","0","0","0","","","","","",""
"","R0","R0","0","0","0","0","0","0","0","0","0","0","0","0","","","","","","","","","0","0","","0","","0","","0","0","0","0","0","0","0","0","0","0","0","0","0","","","","","",""
"","R0","R0","0","0","0","0","0","0","0","0","0","0","0","0","","","","","","","","","0","0","","0","","0","","0","0","0","0","0","0","0","0","0","0","0","0","0","","","","","",""
"","R0","R0","0","0","0","0","0","0","0","0","0","0","0","0","","","","","","","","","0","0","","0","","0","","0","0","0","0","0","0","0","0","0","0","0","0","0","","","","","",""
"","R0","R0","0","0","0","0","0","0","0","0","0","0","0","0","","","","","","","","","0","0","","0","","0","","0","0","0","0","0","0","0","0","0","0","0","0","0","","","","","",""
"","R0","R0","0","0","0","0","0","0","0","0","0","0","0","0","","","","","","","","","0","0","","0","","0","","0","0","0","0","0","0","0","0","0","0","0","0","0","","","","","",""
"","R0","R0","0","0","0","0","0","0","0","0","0","0","0","0","","","","","","","","","0","0","","0","","0","","0","0","0","0","0","0","0","0","0","0","0","0","0","","","","","",""
"","R0","R0","0","0","0","0","0","0","0","0","0","0","0","0","","","","","","","","","0","0","","0","","0","","0","0","0","0","0","0","0","0","0","0","0","0","0","","","","","",""
"","R0","R0","0","0","0","0","0","0","0","0","0","0","0","0","","","","","","","","","0","0","","0","","0","","0","0","0","0","0","0","0","0","0","0","0","0","0","","","","","",""
"","R0","R0","0","0","0","0","0","0","0","0","0","0","0","0","","","","","","","","","0","0","","0","","0","","0","0","0","0","0","0","0","0","0","0","0","0","0","","","","","",""
"","R0","R0","0","0","0","0","0","0","0","0","0","0","0","0","","","","","","","","","0","0","","0","","0","","0","0","0","0","0","0","0","0","0","0","0","0","0","","","","","",""
"","R0","R0","0","0","0","0","0","0","0","0","0","0","0","0","","","","","","","","","0","0","","0","","0","","0","0","0","0","0","0","0","0","0","0","0","0","0","","","","","",""
"","R0","R0","0","0","0","0","0","0","0","0","0","0","0","0","","","","","","","","","0","0","","0","","0","","0","0","0","0","0","0","0","0","0","0","0","0","0","","","","","",""
"","R0","R0","0","0","0","0","0","0","0","0","0","0","0","0","","","","","","","","","0","0","","0","","0","","0","0","0","0","0","0","0","0","0","0","0","0","0","","","","","",""
"","R0","R0","0","0","0","0","0","0","0","0","0","0","0","0","","","","","","","","","0","0","","0","","0","","0","0","0","0","0","0","0","0","0","0","0","0","0","","","","","",""
"","R0","R0","0","0","0","0","0","0","0","0","0","0","0","0","","","","","","","","","0","0","","0","","0","","0","0","0","0","0","0","0","0","0","0","0","0","0","","","","","",""
"","R0","R0","0","0","0","0","0","0","0","0","0","0","0","0","","","","","","","","","0","0","","0","","0","","0","0","0","0","0","0","0","0","0","0","0","0","0","","","","","",""
"","R0","R0","0","0","0","0","0","0","0","0","0","0","0","0","","","","","","","","","0","0","","0","","0","","0","0","0","0","0","0","0","0","0","0","0","0","0","","","","","",""
"","R0","R0","0","0","0","0","0","0","0","0","0","0","0","0","","","","","","","","","0","0","","0","","0","","0","0","0","0","0","0","0","0","0","0","0","0","0","","","","","",""
"","R0","R0","0","0","0","0","0","0","0","0","0","0","0","0","","","","","","","","","0","0","","0","","0","","0","0","0","0","0","0","0","0","0","0","0","0","0","","","","","",""
"","R0","R0","0","0","0","0","0","0","0","0","0","0","0","0","","","","","","","","","0","0","","0","","0","","0","0","0","0","0","0","0","0","0","0","0","0","0","","","","","",""
"","R0","R0","0","0","0","0","0","0","0","0","0","0","0","0","","","","","","","","","0","0","","0","","0","","0","0","0","0","0","0","0","0","0","0","0","0","0","","","","","",""
"","R0","R0","0","0","0","0","0","0","0","0","0","0","0","0","","","","","","","","","0","0","","0","","0","","0","0","0","0","0","0","0","0","0","0","0","0","0","","","","","",""
"","R0","R0","0","0","0","0","0","0","0","0","0","0","0","0","","","","","","","","","0","0","","0","","0","","0","0","0","0","0","0","0","0","0","0","0","0","0","","","","","",""
"","R0","R0","0","0","0","0","0","0","0","0","0","0","0","0","","","","","","","","","0","0","","0","","0","","0","0","0","0","0","0","0","0","0","0","0","0","0","","","","","",""
"","R0","R0","0","0","0","0","0","0","0","0","0","0","0","0","","","","","","","","","0","0","","0","","0","","0","0","0","0","0","0","0","0","0","0","0","0","0","","","","","",""
"","R0","R0","0","0","0","0","0","0","0","0","0","0","0","0","","","","","","","","","0","0","","0","","0","","0","0","0","0","0","0","0","0","0","0","0","0","0","","","","","",""
"","R0","R0","0","0","0","0","0","0","0","0","0","0","0","0","","","","","","","","","0","0","","0","","0","","0","0","0","0","0","0","0","0","0","0","0","0","0","","","","","",""
"","R0","R0","0","0","0","0","0","0","0","0","0","0","0","0","","","","","","","","","0","0","","0","","0","","0","0","0","0","0","0","0","0","0","0","0","0","0","","","","","",""
"","R0","R0","0","0","0","0","0","0","0","0","0","0","0","0","","","","","","","","","0","0","","0","","0","","0","0","0","0","0","0","0","0","0","0","0","0","0","","","","","",""
"","R0","R0","0","0","0","0","0","0","0","0","0","0","0","0","","","","","","","","","0","0","","0","","0","","0","0","0","0","0","0","0","0","0","0","0","0","0","","","","","",""
"","R0","R0","0","0","0","0","0","0","0","0","0","0","0","0","","","","","","","","","0","0","","0","","0","","0","0","0","0","0","0","0","0","0","0","0","0","0","","","","","",""
"","R0","R0","0","0","0","0","0","0","0","0","0","0","0","0","","","","","","","","","0","0","","0","","0","","0","0","0","0","0","0","0","0","0","0","0","0","0","","","","","",""
"","R0","R0","0","0","0","0","0","0","0","0","0","0","0","0","","","","","","","","","0","0","","0","","0","","0","0","0","0","0","0","0","0","0","0","0","0","0","","","","","",""
"","R0","R0","0","0","0","0","0","0","0","0","0","0","0","0","","","","","","","","","0","0","","0","","0","","0","0","0","0","0","0","0","0","0","0","0","0","0","","","","","",""
"","R0","R0","0","0","0","0","0","0","0","0","0","0","0","0","","","","","","","","","0","0","","0","","0","","0","0","0","0","0","0","0","0","0","0","0","0","0","","","","","",""