"Character","Realm","Condition 1","1 - Points","Condition 2","2 - Points","Condition 3","3 - Points","Condition 4","4 - Points","Condition 5","5 - Points","Condition 6","6 - Points","Condition 7","7 - Points","Condition 8","8 - Points","Condition 9","9 - Points","GL","✓"
"Warrior of Light","I","Reach Level 99","40","Unlock All Record Spheres","10","Complete Legend Spheres","10","Unlock 10 Record Board tiles","15","Unlock 20 Record Board tiles","15","Use 30 HP Crystal Waters","10","Use 30 ATK Crystal Waters","10","Use 30 DEF Crystal Waters","10","Use 30 RES Crystal Waters","10","✓","✓"
"Garland","I","Reach Level 99","40","Unlock All Record Spheres","10","Complete Legend Spheres","10","Level 25 Magia","15","Level 50 Magia","15","Use 30 HP Crystal Waters","10","Use 30 ATK Crystal Waters","10","Use 30 DEF Crystal Waters","10","Use 30 RES Crystal Waters","10","✓","✓"
"Master","I","Reach Level 99","40","Unlock All Record Spheres","10","Complete Legend Spheres","10","Unlock 10 Record Board tiles","15","Unlock 20 Record Board tiles","15","Use 30 HP Crystal Waters","10","Use 30 ATK Crystal Waters","10","Use 30 DEF Crystal Waters","10","Use 30 RES Crystal Waters","10","✓","✓"
"Sarah","I","Reach Level 99","40","Unlock All Record Spheres","10","Complete Legend Spheres","10","Unlock 10 Record Board tiles","15","Unlock 20 Record Board tiles","15","Use 30 HP Crystal Waters","10","Use 30 DEF Crystal Waters","10","Use 30 RES Crystal Waters","10","Use 30 MND Crystal Waters","10","✓","✓"
"Meia","I","Reach Level 99","40","Unlock All Record Spheres","10","Complete Legend Spheres","10","Level 25 Magia","15","Level 50 Magia","15","Use 30 HP Crystal Waters","10","Use 30 DEF Crystal Waters","10","Use 30 MAG Crystal Waters","10","Use 30 RES Crystal Waters","10","✓","✓"
"Wol","I","Reach Level 99","40","Unlock All Record Spheres","10","Complete Legend Spheres","10","Level 25 Magia","15","Level 50 Magia","15","Use 30 HP Crystal Waters","10","Use 30 ATK Crystal Waters","10","Use 30 DEF Crystal Waters","10","Use 30 RES Crystal Waters","10","✓","✓"
"Echo","I","Reach Level 99","40","Unlock All Record Spheres","10","Complete Legend Spheres","10","Level 25 Magia","15","Level 50 Magia","15","Use 30 HP Crystal Waters","10","Use 30 DEF Crystal Waters","10","Use 30 MAG Crystal Waters","10","Use 30 RES Crystal Waters","10","✓","✓"
"Thief (I)","I","Reach Level 99","40","Unlock All Record Spheres","10","Complete Legend Spheres","10","Unlock 10 Record Board tiles","15","Unlock 20 Record Board tiles","15","Use 30 HP Crystal Waters","10","Use 30 ATK Crystal Waters","10","Use 30 DEF Crystal Waters","10","Use 30 RES Crystal Waters","10","✓","✓"
"Matoya","I","Reach Level 99","40","Unlock All Record Spheres","10","Complete Legend Spheres","10","Unlock 10 Record Board tiles","15","Unlock 20 Record Board tiles","15","Use 30 HP Crystal Waters","10","Use 30 MAG Crystal Waters","10","Use 30 RES Crystal Waters","10","Use 30 MND Crystal Waters","10","✓","✓"
"Firion","II","Reach Level 99","40","Unlock All Record Spheres","10","Complete Legend Spheres","10","Unlock 10 Record Board tiles","15","Unlock 20 Record Board tiles","15","Use 30 HP Crystal Waters","10","Use 30 ATK Crystal Waters","10","Use 30 DEF Crystal Waters","10","Use 30 RES Crystal Waters","10","✓","✓"
"Maria","II","Reach Level 99","40","Unlock All Record Spheres","10","Complete Legend Spheres","10","Unlock 10 Record Board tiles","15","Unlock 20 Record Board tiles","15","Use 30 HP Crystal Waters","10","Use 30 DEF Crystal Waters","10","Use 30 MAG Crystal Waters","10","Use 30 RES Crystal Waters","10","✓","✓"
"Gordon","II","Reach Level 99","40","Unlock All Record Spheres","10","Complete Legend Spheres","10","Unlock 10 Record Board tiles","15","Unlock 20 Record Board tiles","15","Use 30 HP Crystal Waters","10","Use 30 ATK Crystal Waters","10","Use 30 MAG Crystal Waters","10","Use 30 MND Crystal Waters","10","✓","✓"
"Josef","II","Reach Level 99","40","Unlock All Record Spheres","10","Complete Legend Spheres","10","Unlock 10 Record Board tiles","15","Unlock 20 Record Board tiles","15","Use 30 HP Crystal Waters","10","Use 30 ATK Crystal Waters","10","Use 30 DEF Crystal Waters","10","Use 30 RES Crystal Waters","10","✓","✓"
"Minwu","II","Reach Level 99","40","Unlock All Record Spheres","10","Complete Legend Spheres","10","Unlock 10 Record Board tiles","15","Unlock 20 Record Board tiles","15","Use 30 HP Crystal Waters","10","Use 30 DEF Crystal Waters","10","Use 30 RES Crystal Waters","10","Use 30 MND Crystal Waters","10","✓","✓"
"Leon","II","Reach Level 99","40","Unlock All Record Spheres","10","Complete Legend Spheres","10","Level 25 Magia","15","Level 50 Magia","15","Use 30 HP Crystal Waters","10","Use 30 ATK Crystal Waters","10","Use 30 DEF Crystal Waters","10","Use 30 RES Crystal Waters","10","✓","✓"
"Leila","II","Reach Level 99","40","Unlock All Record Spheres","10","Complete Legend Spheres","10","Level 25 Magia","15","Level 50 Magia","15","Use 30 HP Crystal Waters","10","Use 30 ATK Crystal Waters","10","Use 30 DEF Crystal Waters","10","Use 30 RES Crystal Waters","10","✓","✓"
"Ricard","II","Reach Level 99","40","Unlock All Record Spheres","10","Complete Legend Spheres","10","Level 25 Magia","15","Level 50 Magia","15","Use 30 HP Crystal Waters","10","Use 30 ATK Crystal Waters","10","Use 30 DEF Crystal Waters","10","Use 30 RES Crystal Waters","10","✓","✓"
"Guy","II","Reach Level 99","40","Unlock All Record Spheres","10","Complete Legend Spheres","10","Level 25 Magia","15","Level 50 Magia","15","Use 30 HP Crystal Waters","10","Use 30 ATK Crystal Waters","10","Use 30 DEF Crystal Waters","10","Use 30 RES Crystal Waters","10","✓","✓"
"Hilda","II","Reach Level 99","40","Unlock All Record Spheres","10","Complete Legend Spheres","10","Unlock 10 Record Board tiles","15","Unlock 20 Record Board tiles","15","Use 30 HP Crystal Waters","10","Use 30 DEF Crystal Waters","10","Use 30 RES Crystal Waters","10","Use 30 MND Crystal Waters","10","✓","✓"
"Emperor","II","Reach Level 99","40","Unlock All Record Spheres","10","Complete Legend Spheres","10","Unlock 10 Record Board tiles","15","Unlock 20 Record Board tiles","15","Use 30 HP Crystal Waters","10","Use 30 DEF Crystal Waters","10","Use 30 MAG Crystal Waters","10","Use 30 RES Crystal Waters","10","✓","✓"
"Scott","II","Reach Level 99","40","Unlock All Record Spheres","10","Complete Legend Spheres","10","Unlock 10 Record Board tiles","15","Unlock 20 Record Board tiles","15","Use 30 HP Crystal Waters","10","Use 30 ATK Crystal Waters","10","Use 30 DEF Crystal Waters","10","Use 30 RES Crystal Waters","10","✓","✓"
"Luneth","III","Reach Level 99","40","Unlock All Record Spheres","10","Complete Legend Spheres","10","Level 25 Magia","15","Level 50 Magia","15","Use 30 HP Crystal Waters","10","Use 30 ATK Crystal Waters","10","Use 30 DEF Crystal Waters","10","Use 30 RES Crystal Waters","10","✓","✓"
"Refia","III","Reach Level 99","40","Unlock All Record Spheres","10","Complete Legend Spheres","10","Level 25 Magia","15","Level 50 Magia","15","Use 30 HP Crystal Waters","10","Use 30 ATK Crystal Waters","10","Use 30 DEF Crystal Waters","10","Use 30 RES Crystal Waters","10","✓","✓"
"Arc","III","Reach Level 99","40","Unlock All Record Spheres","10","Complete Legend Spheres","10","Level 25 Magia","15","Level 50 Magia","15","Use 30 HP Crystal Waters","10","Use 30 MAG Crystal Waters","10","Use 30 RES Crystal Waters","10","Use 30 MND Crystal Waters","10","✓","✓"
"Ingus","III","Reach Level 99","40","Unlock All Record Spheres","10","Complete Legend Spheres","10","Level 25 Magia","15","Level 50 Magia","15","Use 30 HP Crystal Waters","10","Use 30 ATK Crystal Waters","10","Use 30 DEF Crystal Waters","10","Use 30 RES Crystal Waters","10","✓","✓"
"Desch","III","Reach Level 99","40","Unlock All Record Spheres","10","Complete Legend Spheres","10","Level 25 Magia","15","Level 50 Magia","15","Use 30 HP Crystal Waters","10","Use 30 DEF Crystal Waters","10","Use 30 MAG Crystal Waters","10","Use 30 RES Crystal Waters","10","✓","✓"
"Onion Knight","III","Reach Level 99","40","Unlock All Record Spheres","10","Complete Legend Spheres","10","Unlock 10 Record Board tiles","15","Unlock 20 Record Board tiles","15","Use 30 HP Crystal Waters","10","Use 30 ATK Crystal Waters","10","Use 30 MAG Crystal Waters","10","Use 30 MND Crystal Waters","10","✓","✓"
"Cloud of Darkness","III","Reach Level 99","40","Unlock All Record Spheres","10","Complete Legend Spheres","10","Level 25 Magia","15","Level 50 Magia","15","Use 30 HP Crystal Waters","10","Use 30 DEF Crystal Waters","10","Use 30 MAG Crystal Waters","10","Use 30 RES Crystal Waters","10","✓","✓"
"Aria","III","Reach Level 99","40","Unlock All Record Spheres","10","Complete Legend Spheres","10","Level 25 Magia","15","Level 50 Magia","15","Use 30 HP Crystal Waters","10","Use 30 DEF Crystal Waters","10","Use 30 RES Crystal Waters","10","Use 30 MND Crystal Waters","10","✓","✓"
"Kain","IV","Reach Level 99","40","Unlock All Record Spheres","10","Complete Legend Spheres","10","Unlock 10 Record Board tiles","15","Unlock 20 Record Board tiles","15","Use 30 HP Crystal Waters","10","Use 30 ATK Crystal Waters","10","Use 30 DEF Crystal Waters","10","Use 30 RES Crystal Waters","10","✓","✓"
"Cecil (Dark Knight)","IV","Reach Level 99","40","Unlock All Record Spheres","10","Complete Legend Spheres","10","Unlock 10 Record Board tiles","15","Unlock 20 Record Board tiles","15","Use 30 HP Crystal Waters","10","Use 30 ATK Crystal Waters","10","Use 30 DEF Crystal Waters","10","Use 30 RES Crystal Waters","10","✓","✓"
"Cecil (Paladin)","IV","Reach Level 99","40","Unlock All Record Spheres","10","Complete Legend Spheres","10","Unlock 10 Record Board tiles","15","Unlock 20 Record Board tiles","15","Use 30 HP Crystal Waters","10","Use 30 ATK Crystal Waters","10","Use 30 DEF Crystal Waters","10","Use 30 RES Crystal Waters","10","✓","✓"
"Edward","IV","Reach Level 99","40","Unlock All Record Spheres","10","Complete Legend Spheres","10","Unlock 10 Record Board tiles","15","Unlock 20 Record Board tiles","15","Use 30 HP Crystal Waters","10","Use 30 ATK Crystal Waters","10","Use 30 DEF Crystal Waters","10","Use 30 RES Crystal Waters","10","✓","✓"
"Rydia","IV","Reach Level 99","40","Unlock All Record Spheres","10","Complete Legend Spheres","10","Unlock 10 Record Board tiles","15","Unlock 20 Record Board tiles","15","Use 30 HP Crystal Waters","10","Use 30 DEF Crystal Waters","10","Use 30 MAG Crystal Waters","10","Use 30 RES Crystal Waters","10","✓","✓"
"Edge","IV","Reach Level 99","40","Unlock All Record Spheres","10","Complete Legend Spheres","10","Level 25 Magia","15","Level 50 Magia","15","Use 30 HP Crystal Waters","10","Use 30 ATK Crystal Waters","10","Use 30 DEF Crystal Waters","10","Use 30 RES Crystal Waters","10","✓","✓"
"Rosa","IV","Reach Level 99","40","Unlock All Record Spheres","10","Complete Legend Spheres","10","Level 25 Magia","15","Level 50 Magia","15","Use 30 HP Crystal Waters","10","Use 30 DEF Crystal Waters","10","Use 30 RES Crystal Waters","10","Use 30 MND Crystal Waters","10","✓","✓"
"Palom","IV","Reach Level 99","40","Unlock All Record Spheres","10","Complete Legend Spheres","10","Level 25 Magia","15","Level 50 Magia","15","Use 30 HP Crystal Waters","10","Use 30 DEF Crystal Waters","10","Use 30 MAG Crystal Waters","10","Use 30 RES Crystal Waters","10","✓","✓"
"Porom","IV","Reach Level 99","40","Unlock All Record Spheres","10","Complete Legend Spheres","10","Level 25 Magia","15","Level 50 Magia","15","Use 30 HP Crystal Waters","10","Use 30 DEF Crystal Waters","10","Use 30 RES Crystal Waters","10","Use 30 MND Crystal Waters","10","✓","✓"
"Tellah","IV","Reach Level 99","40","Unlock All Record Spheres","10","Complete Legend Spheres","10","Level 25 Magia","15","Level 50 Magia","15","Use 30 HP Crystal Waters","10","Use 30 MAG Crystal Waters","10","Use 30 RES Crystal Waters","10","Use 30 MND Crystal Waters","10","✓","✓"
"Yang","IV","Reach Level 99","40","Unlock All Record Spheres","10","Complete Legend Spheres","10","Level 25 Magia","15","Level 50 Magia","15","Use 30 HP Crystal Waters","10","Use 30 ATK Crystal Waters","10","Use 30 DEF Crystal Waters","10","Use 30 RES Crystal Waters","10","✓","✓"
"Golbez","IV","Reach Level 99","40","Unlock All Record Spheres","10","Complete Legend Spheres","10","Unlock 10 Record Board tiles","15","Unlock 20 Record Board tiles","15","Use 30 HP Crystal Waters","10","Use 30 DEF Crystal Waters","10","Use 30 MAG Crystal Waters","10","Use 30 RES Crystal Waters","10","✓","✓"
"Barbariccia","IV","Reach Level 99","40","Unlock All Record Spheres","10","Complete Legend Spheres","10","Level 25 Magia","15","Level 50 Magia","15","Use 30 HP Crystal Waters","10","Use 30 DEF Crystal Waters","10","Use 30 MAG Crystal Waters","10","Use 30 RES Crystal Waters","10","✓","✓"
"Ursula","IV","Reach Level 99","40","Unlock All Record Spheres","10","Complete Legend Spheres","10","Level 25 Magia","15","Level 50 Magia","15","Use 30 HP Crystal Waters","10","Use 30 ATK Crystal Waters","10","Use 30 DEF Crystal Waters","10","Use 30 RES Crystal Waters","10","✓","✓"
"Rubicante","IV","Reach Level 99","40","Unlock All Record Spheres","10","Complete Legend Spheres","10","Level 25 Magia","15","Level 50 Magia","15","Use 30 HP Crystal Waters","10","Use 30 DEF Crystal Waters","10","Use 30 MAG Crystal Waters","10","Use 30 RES Crystal Waters","10","✓","✓"
"Ceodore","IV","Reach Level 99","40","Unlock All Record Spheres","10","Complete Legend Spheres","10","Level 25 Magia","15","Level 50 Magia","15","Use 30 HP Crystal Waters","10","Use 30 ATK Crystal Waters","10","Use 30 DEF Crystal Waters","10","Use 30 RES Crystal Waters","10","✓","✓"
"Cid (IV)","IV","Reach Level 99","40","Unlock All Record Spheres","10","Complete Legend Spheres","10","Level 25 Magia","15","Level 50 Magia","15","Use 30 HP Crystal Waters","10","Use 30 ATK Crystal Waters","10","Use 30 DEF Crystal Waters","10","Use 30 RES Crystal Waters","10","✓","✓"
"Fusoya","IV","Reach Level 99","40","Unlock All Record Spheres","10","Complete Legend Spheres","10","Level 25 Magia","15","Level 50 Magia","15","Use 30 HP Crystal Waters","10","Use 30 MAG Crystal Waters","10","Use 30 RES Crystal Waters","10","Use 30 MND Crystal Waters","10","✓","✓"
"Bartz","V","Reach Level 99","40","Unlock All Record Spheres","10","Complete Legend Spheres","10","Unlock 10 Record Board tiles","15","Unlock 20 Record Board tiles","15","Use 30 HP Crystal Waters","10","Use 30 ATK Crystal Waters","10","Use 30 DEF Crystal Waters","10","Use 30 RES Crystal Waters","10","✓","✓"
"Lenna","V","Reach Level 99","40","Unlock All Record Spheres","10","Complete Legend Spheres","10","Unlock 10 Record Board tiles","15","Unlock 20 Record Board tiles","15","Use 30 HP Crystal Waters","10","Use 30 DEF Crystal Waters","10","Use 30 RES Crystal Waters","10","Use 30 MND Crystal Waters","10","✓","✓"
"Galuf","V","Reach Level 99","40","Unlock All Record Spheres","10","Complete Legend Spheres","10","Level 25 Magia","15","Level 50 Magia","15","Use 30 HP Crystal Waters","10","Use 30 ATK Crystal Waters","10","Use 30 DEF Crystal Waters","10","Use 30 RES Crystal Waters","10","✓","✓"
"Krile","V","Reach Level 99","40","Unlock All Record Spheres","10","Complete Legend Spheres","10","Unlock 10 Record Board tiles","15","Unlock 20 Record Board tiles","15","Use 30 HP Crystal Waters","10","Use 30 DEF Crystal Waters","10","Use 30 MAG Crystal Waters","10","Use 30 RES Crystal Waters","10","✓","✓"
"Faris","V","Reach Level 99","40","Unlock All Record Spheres","10","Complete Legend Spheres","10","Level 25 Magia","15","Level 50 Magia","15","Use 30 HP Crystal Waters","10","Use 30 ATK Crystal Waters","10","Use 30 DEF Crystal Waters","10","Use 30 RES Crystal Waters","10","✓","✓"
"Gilgamesh","V","Reach Level 99","40","Unlock All Record Spheres","10","Complete Legend Spheres","10","Unlock 10 Record Board tiles","15","Unlock 20 Record Board tiles","15","Use 30 HP Crystal Waters","10","Use 30 ATK Crystal Waters","10","Use 30 DEF Crystal Waters","10","Use 30 RES Crystal Waters","10","✓","✓"
"Exdeath","V","Reach Level 99","40","Unlock All Record Spheres","10","Complete Legend Spheres","10","Unlock 10 Record Board tiles","15","Unlock 20 Record Board tiles","15","Use 30 HP Crystal Waters","10","Use 30 MAG Crystal Waters","10","Use 30 RES Crystal Waters","10","Use 30 MND Crystal Waters","10","✓","✓"
"Gogo (V)","V","Reach Level 99","40","Unlock All Record Spheres","10","Complete Legend Spheres","10","Level 25 Magia","15","Level 50 Magia","15","Use 30 HP Crystal Waters","10","Use 30 MAG Crystal Waters","10","Use 30 RES Crystal Waters","10","Use 30 MND Crystal Waters","10","✓","✓"
"Dorgann","V","Reach Level 99","40","Unlock All Record Spheres","10","Complete Legend Spheres","10","Level 25 Magia","15","Level 50 Magia","15","Use 30 HP Crystal Waters","10","Use 30 ATK Crystal Waters","10","Use 30 DEF Crystal Waters","10","Use 30 RES Crystal Waters","10","✓","✓"
"Kelger","V","Reach Level 99","40","Unlock All Record Spheres","10","Complete Legend Spheres","10","Level 25 Magia","15","Level 50 Magia","15","Use 30 HP Crystal Waters","10","Use 30 ATK Crystal Waters","10","Use 30 DEF Crystal Waters","10","Use 30 RES Crystal Waters","10","✓","✓"
"Xezat","V","Reach Level 99","40","Unlock All Record Spheres","10","Complete Legend Spheres","10","Level 25 Magia","15","Level 50 Magia","15","Use 30 HP Crystal Waters","10","Use 30 ATK Crystal Waters","10","Use 30 MAG Crystal Waters","10","Use 30 MND Crystal Waters","10","✓","✓"
"Terra","VI","Reach Level 99","40","Unlock All Record Spheres","10","Complete Legend Spheres","10","Unlock 10 Record Board tiles","15","Unlock 20 Record Board tiles","15","Use 30 HP Crystal Waters","10","Use 30 DEF Crystal Waters","10","Use 30 MAG Crystal Waters","10","Use 30 RES Crystal Waters","10","✓","✓"
"Locke","VI","Reach Level 99","40","Unlock All Record Spheres","10","Complete Legend Spheres","10","Unlock 10 Record Board tiles","15","Unlock 20 Record Board tiles","15","Use 30 HP Crystal Waters","10","Use 30 ATK Crystal Waters","10","Use 30 DEF Crystal Waters","10","Use 30 RES Crystal Waters","10","✓","✓"
"Edgar","VI","Reach Level 99","40","Unlock All Record Spheres","10","Complete Legend Spheres","10","Level 25 Magia","15","Level 50 Magia","15","Use 30 HP Crystal Waters","10","Use 30 ATK Crystal Waters","10","Use 30 DEF Crystal Waters","10","Use 30 RES Crystal Waters","10","✓","✓"
"Sabin","VI","Reach Level 99","40","Unlock All Record Spheres","10","Complete Legend Spheres","10","Level 25 Magia","15","Level 50 Magia","15","Use 30 HP Crystal Waters","10","Use 30 ATK Crystal Waters","10","Use 30 DEF Crystal Waters","10","Use 30 RES Crystal Waters","10","✓","✓"
"Mog","VI","Reach Level 99","40","Unlock All Record Spheres","10","Complete Legend Spheres","10","Level 25 Magia","15","Level 50 Magia","15","Use 30 HP Crystal Waters","10","Use 30 ATK Crystal Waters","10","Use 30 DEF Crystal Waters","10","Use 30 RES Crystal Waters","10","✓","✓"
"Relm","VI","Reach Level 99","40","Unlock All Record Spheres","10","Complete Legend Spheres","10","Level 25 Magia","15","Level 50 Magia","15","Use 30 HP Crystal Waters","10","Use 30 DEF Crystal Waters","10","Use 30 RES Crystal Waters","10","Use 30 MND Crystal Waters","10","✓","✓"
"Celes","VI","Reach Level 99","40","Unlock All Record Spheres","10","Complete Legend Spheres","10","Unlock 10 Record Board tiles","15","Unlock 20 Record Board tiles","15","Use 30 HP Crystal Waters","10","Use 30 ATK Crystal Waters","10","Use 30 DEF Crystal Waters","10","Use 30 RES Crystal Waters","10","✓","✓"
"Gau","VI","Reach Level 99","40","Unlock All Record Spheres","10","Complete Legend Spheres","10","Level 25 Magia","15","Level 50 Magia","15","Use 30 HP Crystal Waters","10","Use 30 ATK Crystal Waters","10","Use 30 DEF Crystal Waters","10","Use 30 RES Crystal Waters","10","✓","✓"
"Cyan","VI","Reach Level 99","40","Unlock All Record Spheres","10","Complete Legend Spheres","10","Level 25 Magia","15","Level 50 Magia","15","Use 30 HP Crystal Waters","10","Use 30 ATK Crystal Waters","10","Use 30 DEF Crystal Waters","10","Use 30 RES Crystal Waters","10","✓","✓"
"Setzer","VI","Reach Level 99","40","Unlock All Record Spheres","10","Complete Legend Spheres","10","Unlock 10 Record Board tiles","15","Unlock 20 Record Board tiles","15","Use 30 HP Crystal Waters","10","Use 30 ATK Crystal Waters","10","Use 30 DEF Crystal Waters","10","Use 30 RES Crystal Waters","10","✓","✓"
"Shadow","VI","Reach Level 99","40","Unlock All Record Spheres","10","Complete Legend Spheres","10","Unlock 10 Record Board tiles","15","Unlock 20 Record Board tiles","15","Use 30 HP Crystal Waters","10","Use 30 ATK Crystal Waters","10","Use 30 DEF Crystal Waters","10","Use 30 RES Crystal Waters","10","✓","✓"
"Leo","VI","Reach Level 99","40","Unlock All Record Spheres","10","Complete Legend Spheres","10","Level 25 Magia","15","Level 50 Magia","15","Use 30 HP Crystal Waters","10","Use 30 ATK Crystal Waters","10","Use 30 DEF Crystal Waters","10","Use 30 RES Crystal Waters","10","✓","✓"
"Umaro","VI","Reach Level 99","40","Unlock All Record Spheres","10","Complete Legend Spheres","10","Unlock 10 Record Board tiles","15","Unlock 20 Record Board tiles","15","Use 30 HP Crystal Waters","10","Use 30 ATK Crystal Waters","10","Use 30 DEF Crystal Waters","10","Use 30 RES Crystal Waters","10","✓","✓"
"Kekfa","VI","Reach Level 99","40","Unlock All Record Spheres","10","Complete Legend Spheres","10","Level 25 Magia","15","Level 50 Magia","15","Use 30 HP Crystal Waters","10","Use 30 DEF Crystal Waters","10","Use 30 MAG Crystal Waters","10","Use 30 RES Crystal Waters","10","✓","✓"
"Strago","VI","Reach Level 99","40","Unlock All Record Spheres","10","Complete Legend Spheres","10","Level 25 Magia","15","Level 50 Magia","15","Use 30 HP Crystal Waters","10","Use 30 DEF Crystal Waters","10","Use 30 MAG Crystal Waters","10","Use 30 RES Crystal Waters","10","✓","✓"
"Gogo (VI)","VI","Reach Level 99","40","Unlock All Record Spheres","10","Complete Legend Spheres","10","Unlock 10 Record Board tiles","15","Unlock 20 Record Board tiles","15","Use 30 HP Crystal Waters","10","Use 30 ATK Crystal Waters","10","Use 30 MAG Crystal Waters","10","Use 30 MND Crystal Waters","10","✓","✓"
"Cloud","VII","Reach Level 99","40","Unlock All Record Spheres","10","Complete Legend Spheres","10","Unlock 10 Record Board tiles","15","Unlock 20 Record Board tiles","15","Use 30 HP Crystal Waters","10","Use 30 ATK Crystal Waters","10","Use 30 DEF Crystal Waters","10","Use 30 RES Crystal Waters","10","✓","✓"
"Tifa","VII","Reach Level 99","40","Unlock All Record Spheres","10","Complete Legend Spheres","10","Unlock 10 Record Board tiles","15","Unlock 20 Record Board tiles","15","Use 30 HP Crystal Waters","10","Use 30 ATK Crystal Waters","10","Use 30 DEF Crystal Waters","10","Use 30 RES Crystal Waters","10","✓","✓"
"Zack","VII","Reach Level 99","40","Unlock All Record Spheres","10","Complete Legend Spheres","10","Unlock 10 Record Board tiles","15","Unlock 20 Record Board tiles","15","Use 30 HP Crystal Waters","10","Use 30 ATK Crystal Waters","10","Use 30 DEF Crystal Waters","10","Use 30 RES Crystal Waters","10","✓","✓"
"Angeal","VII","Reach Level 99","40","Unlock All Record Spheres","10","Complete Legend Spheres","10","Unlock 10 Record Board tiles","15","Unlock 20 Record Board tiles","15","Use 30 HP Crystal Waters","10","Use 30 ATK Crystal Waters","10","Use 30 DEF Crystal Waters","10","Use 30 RES Crystal Waters","10","✓","✓"
"Cait Sith","VII","Reach Level 99","40","Unlock All Record Spheres","10","Complete Legend Spheres","10","Unlock 10 Record Board tiles","15","Unlock 20 Record Board tiles","15","Use 30 HP Crystal Waters","10","Use 30 MAG Crystal Waters","10","Use 30 RES Crystal Waters","10","Use 30 MND Crystal Waters","10","✓","✓"
"Cid (VII)","VII","Reach Level 99","40","Unlock All Record Spheres","10","Complete Legend Spheres","10","Unlock 10 Record Board tiles","15","Unlock 20 Record Board tiles","15","Use 30 HP Crystal Waters","10","Use 30 DEF Crystal Waters","10","Use 30 MAG Crystal Waters","10","Use 30 RES Crystal Waters","10","✓","✓"
"Aerith","VII","Reach Level 99","40","Unlock All Record Spheres","10","Complete Legend Spheres","10","Level 25 Magia","15","Level 50 Magia","15","Use 30 HP Crystal Waters","10","Use 30 DEF Crystal Waters","10","Use 30 RES Crystal Waters","10","Use 30 MND Crystal Waters","10","✓","✓"
"Sephiroth","VII","Reach Level 99","40","Unlock All Record Spheres","10","Complete Legend Spheres","10","Level 25 Magia","15","Level 50 Magia","15","Use 30 HP Crystal Waters","10","Use 30 ATK Crystal Waters","10","Use 30 DEF Crystal Waters","10","Use 30 RES Crystal Waters","10","✓","✓"
"Yuffie","VII","Reach Level 99","40","Unlock All Record Spheres","10","Complete Legend Spheres","10","Level 25 Magia","15","Level 50 Magia","15","Use 30 HP Crystal Waters","10","Use 30 ATK Crystal Waters","10","Use 30 DEF Crystal Waters","10","Use 30 RES Crystal Waters","10","✓","✓"
"Genesis","VII","Reach Level 99","40","Unlock All Record Spheres","10","Complete Legend Spheres","10","Level 25 Magia","15","Level 50 Magia","15","Use 30 HP Crystal Waters","10","Use 30 ATK Crystal Waters","10","Use 30 DEF Crystal Waters","10","Use 30 RES Crystal Waters","10","✓","✓"
"Shelke","VII","Reach Level 99","40","Unlock All Record Spheres","10","Complete Legend Spheres","10","Level 25 Magia","15","Level 50 Magia","15","Use 30 HP Crystal Waters","10","Use 30 ATK Crystal Waters","10","Use 30 DEF Crystal Waters","10","Use 30 RES Crystal Waters","10","✓","✓"
"Elena","VII","Reach Level 99","40","Unlock All Record Spheres","10","Complete Legend Spheres","10","Level 25 Magia","15","Level 50 Magia","15","Use 30 HP Crystal Waters","10","Use 30 ATK Crystal Waters","10","Use 30 DEF Crystal Waters","10","Use 30 RES Crystal Waters","10","✓","✓"
"Rufus","VII","Reach Level 99","40","Unlock All Record Spheres","10","Complete Legend Spheres","10","Level 25 Magia","15","Level 50 Magia","15","Use 30 HP Crystal Waters","10","Use 30 ATK Crystal Waters","10","Use 30 DEF Crystal Waters","10","Use 30 RES Crystal Waters","10","✓","✓"
"Barret","VII","Reach Level 99","40","Unlock All Record Spheres","10","Complete Legend Spheres","10","Level 25 Magia","15","Level 50 Magia","15","Use 30 HP Crystal Waters","10","Use 30 ATK Crystal Waters","10","Use 30 DEF Crystal Waters","10","Use 30 RES Crystal Waters","10","✓","✓"
"Vincent","VII","Reach Level 99","40","Unlock All Record Spheres","10","Complete Legend Spheres","10","Level 25 Magia","15","Level 50 Magia","15","Use 30 HP Crystal Waters","10","Use 30 ATK Crystal Waters","10","Use 30 MAG Crystal Waters","10","Use 30 MND Crystal Waters","10","✓","✓"
"Reno","VII","Reach Level 99","40","Unlock All Record Spheres","10","Complete Legend Spheres","10","Level 25 Magia","15","Level 50 Magia","15","Use 30 HP Crystal Waters","10","Use 30 ATK Crystal Waters","10","Use 30 MAG Crystal Waters","10","Use 30 MND Crystal Waters","10","✓","✓"
"Rude","VII","Reach Level 99","40","Unlock All Record Spheres","10","Complete Legend Spheres","10","Level 25 Magia","15","Level 50 Magia","15","Use 30 HP Crystal Waters","10","Use 30 ATK Crystal Waters","10","Use 30 MAG Crystal Waters","10","Use 30 MND Crystal Waters","10","✓","✓"
"Red XIII","VII","Reach Level 99","40","Unlock All Record Spheres","10","Complete Legend Spheres","10","Level 25 Magia","15","Level 50 Magia","15","Use 30 HP Crystal Waters","10","Use 30 DEF Crystal Waters","10","Use 30 MAG Crystal Waters","10","Use 30 RES Crystal Waters","10","✓","✓"
"Squall","VIII","Reach Level 99","40","Unlock All Record Spheres","10","Complete Legend Spheres","10","Unlock 10 Record Board tiles","15","Unlock 20 Record Board tiles","15","Use 30 HP Crystal Waters","10","Use 30 ATK Crystal Waters","10","Use 30 DEF Crystal Waters","10","Use 30 RES Crystal Waters","10","✓","✓"
"Rinoa","VIII","Reach Level 99","40","Unlock All Record Spheres","10","Complete Legend Spheres","10","Unlock 10 Record Board tiles","15","Unlock 20 Record Board tiles","15","Use 30 HP Crystal Waters","10","Use 30 DEF Crystal Waters","10","Use 30 MAG Crystal Waters","10","Use 30 RES Crystal Waters","10","✓","✓"
"Quistis","VIII","Reach Level 99","40","Unlock All Record Spheres","10","Complete Legend Spheres","10","Level 25 Magia","15","Level 50 Magia","15","Use 30 HP Crystal Waters","10","Use 30 DEF Crystal Waters","10","Use 30 MAG Crystal Waters","10","Use 30 RES Crystal Waters","10","✓","✓"
"Selphie","VIII","Reach Level 99","40","Unlock All Record Spheres","10","Complete Legend Spheres","10","Unlock 10 Record Board tiles","15","Unlock 20 Record Board tiles","15","Use 30 HP Crystal Waters","10","Use 30 DEF Crystal Waters","10","Use 30 RES Crystal Waters","10","Use 30 MND Crystal Waters","10","✓","✓"
"Zell","VIII","Reach Level 99","40","Unlock All Record Spheres","10","Complete Legend Spheres","10","Level 25 Magia","15","Level 50 Magia","15","Use 30 HP Crystal Waters","10","Use 30 ATK Crystal Waters","10","Use 30 MAG Crystal Waters","10","Use 30 MND Crystal Waters","10","✓","✓"
"Irvine","VIII","Reach Level 99","40","Unlock All Record Spheres","10","Complete Legend Spheres","10","Level 25 Magia","15","Level 50 Magia","15","Use 30 HP Crystal Waters","10","Use 30 ATK Crystal Waters","10","Use 30 MAG Crystal Waters","10","Use 30 MND Crystal Waters","10","✓","✓"
"Laguna","VIII","Reach Level 99","40","Unlock All Record Spheres","10","Complete Legend Spheres","10","Level 25 Magia","15","Level 50 Magia","15","Use 30 HP Crystal Waters","10","Use 30 ATK Crystal Waters","10","Use 30 MAG Crystal Waters","10","Use 30 MND Crystal Waters","10","✓","✓"
"Fujin","VIII","Reach Level 99","40","Unlock All Record Spheres","10","Complete Legend Spheres","10","Level 25 Magia","15","Level 50 Magia","15","Use 30 HP Crystal Waters","10","Use 30 DEF Crystal Waters","10","Use 30 MAG Crystal Waters","10","Use 30 RES Crystal Waters","10","✓","✓"
"Raijin","VIII","Reach Level 99","40","Unlock All Record Spheres","10","Complete Legend Spheres","10","Level 25 Magia","15","Level 50 Magia","15","Use 30 HP Crystal Waters","10","Use 30 ATK Crystal Waters","10","Use 30 MAG Crystal Waters","10","Use 30 MND Crystal Waters","10","✓","✓"
"Edea","VIII","Reach Level 99","40","Unlock All Record Spheres","10","Complete Legend Spheres","10","Level 25 Magia","15","Level 50 Magia","15","Use 30 HP Crystal Waters","10","Use 30 DEF Crystal Waters","10","Use 30 MAG Crystal Waters","10","Use 30 RES Crystal Waters","10","✓","✓"
"Seifer","VIII","Reach Level 99","40","Unlock All Record Spheres","10","Complete Legend Spheres","10","Level 25 Magia","15","Level 50 Magia","15","Use 30 HP Crystal Waters","10","Use 30 ATK Crystal Waters","10","Use 30 MAG Crystal Waters","10","Use 30 MND Crystal Waters","10","✓","✓"
"Kiros","VIII","Reach Level 99","40","Unlock All Record Spheres","10","Complete Legend Spheres","10","Unlock 10 Record Board tiles","15","Unlock 20 Record Board tiles","15","Use 30 HP Crystal Waters","10","Use 30 ATK Crystal Waters","10","Use 30 DEF Crystal Waters","10","Use 30 RES Crystal Waters","10","✓","✓"
"Ward","VIII","Reach Level 99","40","Unlock All Record Spheres","10","Complete Legend Spheres","10","Unlock 10 Record Board tiles","15","Unlock 20 Record Board tiles","15","Use 30 HP Crystal Waters","10","Use 30 ATK Crystal Waters","10","Use 30 DEF Crystal Waters","10","Use 30 RES Crystal Waters","10","✓","✓"
"Ultimecia","VIII","Reach Level 99","40","Unlock All Record Spheres","10","Complete Legend Spheres","10","Unlock 10 Record Board tiles","15","Unlock 20 Record Board tiles","15","Use 30 HP Crystal Waters","10","Use 30 MAG Crystal Waters","10","Use 30 RES Crystal Waters","10","Use 30 MND Crystal Waters","10","✓","✓"
"Zidane","IX","Reach Level 99","40","Unlock All Record Spheres","10","Complete Legend Spheres","10","Unlock 10 Record Board tiles","15","Unlock 20 Record Board tiles","15","Use 30 HP Crystal Waters","10","Use 30 ATK Crystal Waters","10","Use 30 DEF Crystal Waters","10","Use 30 RES Crystal Waters","10","✓","✓"
"Garnet","IX","Reach Level 99","40","Unlock All Record Spheres","10","Complete Legend Spheres","10","Level 25 Magia","15","Level 50 Magia","15","Use 30 HP Crystal Waters","10","Use 30 DEF Crystal Waters","10","Use 30 MAG Crystal Waters","10","Use 30 RES Crystal Waters","10","✓","✓"
"Eiko","IX","Reach Level 99","40","Unlock All Record Spheres","10","Complete Legend Spheres","10","Unlock 10 Record Board tiles","15","Unlock 20 Record Board tiles","15","Use 30 HP Crystal Waters","10","Use 30 MAG Crystal Waters","10","Use 30 RES Crystal Waters","10","Use 30 MND Crystal Waters","10","✓","✓"
"Amarant","IX","Reach Level 99","40","Unlock All Record Spheres","10","Complete Legend Spheres","10","Level 25 Magia","15","Level 50 Magia","15","Use 30 HP Crystal Waters","10","Use 30 ATK Crystal Waters","10","Use 30 DEF Crystal Waters","10","Use 30 RES Crystal Waters","10","✓","✓"
"Beatrix","IX","Reach Level 99","40","Unlock All Record Spheres","10","Complete Legend Spheres","10","Unlock 10 Record Board tiles","15","Unlock 20 Record Board tiles","15","Use 30 HP Crystal Waters","10","Use 30 ATK Crystal Waters","10","Use 30 DEF Crystal Waters","10","Use 30 RES Crystal Waters","10","✓","✓"
"Steiner","IX","Reach Level 99","40","Unlock All Record Spheres","10","Complete Legend Spheres","10","Level 25 Magia","15","Level 50 Magia","15","Use 30 HP Crystal Waters","10","Use 30 ATK Crystal Waters","10","Use 30 DEF Crystal Waters","10","Use 30 RES Crystal Waters","10","✓","✓"
"Vivi","IX","Reach Level 99","40","Unlock All Record Spheres","10","Complete Legend Spheres","10","Unlock 10 Record Board tiles","15","Unlock 20 Record Board tiles","15","Use 30 HP Crystal Waters","10","Use 30 DEF Crystal Waters","10","Use 30 MAG Crystal Waters","10","Use 30 RES Crystal Waters","10","✓","✓"
"Marcus","IX","Reach Level 99","40","Unlock All Record Spheres","10","Complete Legend Spheres","10","Unlock 10 Record Board tiles","15","Unlock 20 Record Board tiles","15","Use 30 HP Crystal Waters","10","Use 30 ATK Crystal Waters","10","Use 30 DEF Crystal Waters","10","Use 30 RES Crystal Waters","10","✓","✓"
"Kuja","IX","Reach Level 99","40","Unlock All Record Spheres","10","Complete Legend Spheres","10","Level 25 Magia","15","Level 50 Magia","15","Use 30 HP Crystal Waters","10","Use 30 MAG Crystal Waters","10","Use 30 RES Crystal Waters","10","Use 30 MND Crystal Waters","10","✓","✓"
"Freya","IX","Reach Level 99","40","Unlock All Record Spheres","10","Complete Legend Spheres","10","Level 25 Magia","15","Level 50 Magia","15","Use 30 HP Crystal Waters","10","Use 30 ATK Crystal Waters","10","Use 30 DEF Crystal Waters","10","Use 30 RES Crystal Waters","10","✓","✓"
"Quina","IX","Reach Level 99","40","Unlock All Record Spheres","10","Complete Legend Spheres","10","Level 25 Magia","15","Level 50 Magia","15","Use 30 HP Crystal Waters","10","Use 30 ATK Crystal Waters","10","Use 30 DEF Crystal Waters","10","Use 30 RES Crystal Waters","10","✓","✓"
"Tidus","X","Reach Level 99","40","Unlock All Record Spheres","10","Complete Legend Spheres","10","Unlock 10 Record Board tiles","15","Unlock 20 Record Board tiles","15","Use 30 HP Crystal Waters","10","Use 30 ATK Crystal Waters","10","Use 30 DEF Crystal Waters","10","Use 30 RES Crystal Waters","10","✓","✓"
"Wakka","X","Reach Level 99","40","Unlock All Record Spheres","10","Complete Legend Spheres","10","Level 25 Magia","15","Level 50 Magia","15","Use 30 HP Crystal Waters","10","Use 30 ATK Crystal Waters","10","Use 30 DEF Crystal Waters","10","Use 30 RES Crystal Waters","10","✓","✓"
"Yuna","X","Reach Level 99","40","Unlock All Record Spheres","10","Complete Legend Spheres","10","Level 25 Magia","15","Level 50 Magia","15","Use 30 HP Crystal Waters","10","Use 30 MAG Crystal Waters","10","Use 30 RES Crystal Waters","10","Use 30 MND Crystal Waters","10","✓","✓"
"Rikku","X","Reach Level 99","40","Unlock All Record Spheres","10","Complete Legend Spheres","10","Unlock 10 Record Board tiles","15","Unlock 20 Record Board tiles","15","Use 30 HP Crystal Waters","10","Use 30 ATK Crystal Waters","10","Use 30 DEF Crystal Waters","10","Use 30 RES Crystal Waters","10","✓","✓"
"Kimahri","X","Reach Level 99","40","Unlock All Record Spheres","10","Complete Legend Spheres","10","Level 25 Magia","15","Level 50 Magia","15","Use 30 HP Crystal Waters","10","Use 30 ATK Crystal Waters","10","Use 30 DEF Crystal Waters","10","Use 30 RES Crystal Waters","10","✓","✓"
"Auron","X","Reach Level 99","40","Unlock All Record Spheres","10","Complete Legend Spheres","10","Level 25 Magia","15","Level 50 Magia","15","Use 30 HP Crystal Waters","10","Use 30 ATK Crystal Waters","10","Use 30 DEF Crystal Waters","10","Use 30 RES Crystal Waters","10","✓","✓"
"Lulu","X","Reach Level 99","40","Unlock All Record Spheres","10","Complete Legend Spheres","10","Level 25 Magia","15","Level 50 Magia","15","Use 30 HP Crystal Waters","10","Use 30 DEF Crystal Waters","10","Use 30 MAG Crystal Waters","10","Use 30 RES Crystal Waters","10","✓","✓"
"Seymour","X","Reach Level 99","40","Unlock All Record Spheres","10","Complete Legend Spheres","10","Level 25 Magia","15","Level 50 Magia","15","Use 30 HP Crystal Waters","10","Use 30 DEF Crystal Waters","10","Use 30 MAG Crystal Waters","10","Use 30 RES Crystal Waters","10","✓","✓"
"Braska","X","Reach Level 99","40","Unlock All Record Spheres","10","Complete Legend Spheres","10","Level 25 Magia","15","Level 50 Magia","15","Use 30 HP Crystal Waters","10","Use 30 DEF Crystal Waters","10","Use 30 MAG Crystal Waters","10","Use 30 RES Crystal Waters","10","✓","✓"
"Jecht","X","Reach Level 99","40","Unlock All Record Spheres","10","Complete Legend Spheres","10","Level 25 Magia","15","Level 50 Magia","15","Use 30 HP Crystal Waters","10","Use 30 ATK Crystal Waters","10","Use 30 DEF Crystal Waters","10","Use 30 RES Crystal Waters","10","✓","✓"
"Paine","X","Reach Level 99","40","Unlock All Record Spheres","10","Complete Legend Spheres","10","Level 25 Magia","15","Level 50 Magia","15","Use 30 HP Crystal Waters","10","Use 30 ATK Crystal Waters","10","Use 30 DEF Crystal Waters","10","Use 30 RES Crystal Waters","10","✓","✓"
"Shantotto","XI","Reach Level 99","40","Unlock All Record Spheres","10","Complete Legend Spheres","10","Unlock 10 Record Board tiles","15","Unlock 20 Record Board tiles","15","Use 30 HP Crystal Waters","10","Use 30 DEF Crystal Waters","10","Use 30 MAG Crystal Waters","10","Use 30 RES Crystal Waters","10","✓","✓"
"Prishe","XI","Reach Level 99","40","Unlock All Record Spheres","10","Complete Legend Spheres","10","Level 25 Magia","15","Level 50 Magia","15","Use 30 HP Crystal Waters","10","Use 30 ATK Crystal Waters","10","Use 30 DEF Crystal Waters","10","Use 30 RES Crystal Waters","10","✓","✓"
"Lion","XI","Reach Level 99","40","Unlock All Record Spheres","10","Complete Legend Spheres","10","Level 25 Magia","15","Level 50 Magia","15","Use 30 HP Crystal Waters","10","Use 30 ATK Crystal Waters","10","Use 30 DEF Crystal Waters","10","Use 30 RES Crystal Waters","10","✓","✓"
"Curilla","XI","Reach Level 99","40","Unlock All Record Spheres","10","Complete Legend Spheres","10","Level 25 Magia","15","Level 50 Magia","15","Use 30 HP Crystal Waters","10","Use 30 ATK Crystal Waters","10","Use 30 DEF Crystal Waters","10","Use 30 RES Crystal Waters","10","✓","✓"
"Ayame","XI","Reach Level 99","40","Unlock All Record Spheres","10","Complete Legend Spheres","10","Level 25 Magia","15","Level 50 Magia","15","Use 30 HP Crystal Waters","10","Use 30 ATK Crystal Waters","10","Use 30 DEF Crystal Waters","10","Use 30 RES Crystal Waters","10","✓","✓"
"Aphmau","XI","Reach Level 99","40","Unlock All Record Spheres","10","Complete Legend Spheres","10","Level 25 Magia","15","Level 50 Magia","15","Use 30 HP Crystal Waters","10","Use 30 DEF Crystal Waters","10","Use 30 RES Crystal Waters","10","Use 30 MND Crystal Waters","10","✓","✓"
"Zeid","XI","Reach Level 99","40","Unlock All Record Spheres","10","Complete Legend Spheres","10","Level 25 Magia","15","Level 50 Magia","15","Use 30 HP Crystal Waters","10","Use 30 ATK Crystal Waters","10","Use 30 DEF Crystal Waters","10","Use 30 RES Crystal Waters","10","✓","✓"
"Naja","XI","Reach Level 99","40","Unlock All Record Spheres","10","Complete Legend Spheres","10","Level 25 Magia","15","Level 50 Magia","15","Use 30 HP Crystal Waters","10","Use 30 ATK Crystal Waters","10","Use 30 DEF Crystal Waters","10","Use 30 RES Crystal Waters","10","✓","✓"
"Lilisette","XI","Reach Level 99","40","Unlock All Record Spheres","10","Complete Legend Spheres","10","Level 25 Magia","15","Level 50 Magia","15","Use 30 HP Crystal Waters","10","Use 30 ATK Crystal Waters","10","Use 30 DEF Crystal Waters","10","Use 30 RES Crystal Waters","10","✓","✓"
"Balthier","XII","Reach Level 99","40","Unlock All Record Spheres","10","Complete Legend Spheres","10","Level 25 Magia","15","Level 50 Magia","15","Use 30 HP Crystal Waters","10","Use 30 ATK Crystal Waters","10","Use 30 DEF Crystal Waters","10","Use 30 RES Crystal Waters","10","✓","✓"
"Fran","XII","Reach Level 99","40","Unlock All Record Spheres","10","Complete Legend Spheres","10","Level 25 Magia","15","Level 50 Magia","15","Use 30 HP Crystal Waters","10","Use 30 ATK Crystal Waters","10","Use 30 DEF Crystal Waters","10","Use 30 RES Crystal Waters","10","✓","✓"
"Vaan","XII","Reach Level 99","40","Unlock All Record Spheres","10","Complete Legend Spheres","10","Unlock 10 Record Board tiles","15","Unlock 20 Record Board tiles","15","Use 30 HP Crystal Waters","10","Use 30 ATK Crystal Waters","10","Use 30 DEF Crystal Waters","10","Use 30 RES Crystal Waters","10","✓","✓"
"Ashe","XII","Reach Level 99","40","Unlock All Record Spheres","10","Complete Legend Spheres","10","Unlock 10 Record Board tiles","15","Unlock 20 Record Board tiles","15","Use 30 HP Crystal Waters","10","Use 30 DEF Crystal Waters","10","Use 30 MAG Crystal Waters","10","Use 30 RES Crystal Waters","10","✓","✓"
"Penelo","XII","Reach Level 99","40","Unlock All Record Spheres","10","Complete Legend Spheres","10","Level 25 Magia","15","Level 50 Magia","15","Use 30 HP Crystal Waters","10","Use 30 DEF Crystal Waters","10","Use 30 RES Crystal Waters","10","Use 30 MND Crystal Waters","10","✓","✓"
"Basch","XII","Reach Level 99","40","Unlock All Record Spheres","10","Complete Legend Spheres","10","Unlock 10 Record Board tiles","15","Unlock 20 Record Board tiles","15","Use 30 HP Crystal Waters","10","Use 30 ATK Crystal Waters","10","Use 30 DEF Crystal Waters","10","Use 30 RES Crystal Waters","10","✓","✓"
"Larsa","XII","Reach Level 99","40","Unlock All Record Spheres","10","Complete Legend Spheres","10","Level 25 Magia","15","Level 50 Magia","15","Use 30 HP Crystal Waters","10","Use 30 DEF Crystal Waters","10","Use 30 RES Crystal Waters","10","Use 30 MND Crystal Waters","10","✓","✓"
"Vayne","XII","Reach Level 99","40","Unlock All Record Spheres","10","Complete Legend Spheres","10","Level 25 Magia","15","Level 50 Magia","15","Use 30 HP Crystal Waters","10","Use 30 ATK Crystal Waters","10","Use 30 MAG Crystal Waters","10","Use 30 MND Crystal Waters","10","✓","✓"
"Gabranth","XII","Reach Level 99","40","Unlock All Record Spheres","10","Complete Legend Spheres","10","Level 25 Magia","15","Level 50 Magia","15","Use 30 HP Crystal Waters","10","Use 30 ATK Crystal Waters","10","Use 30 DEF Crystal Waters","10","Use 30 RES Crystal Waters","10","✓","✓"
"Reks","XII","Reach Level 99","40","Unlock All Record Spheres","10","Complete Legend Spheres","10","Level 25 Magia","15","Level 50 Magia","15","Use 30 HP Crystal Waters","10","Use 30 ATK Crystal Waters","10","Use 30 DEF Crystal Waters","10","Use 30 RES Crystal Waters","10","✓","✓"
"Lightning","XIII","Reach Level 99","40","Unlock All Record Spheres","10","Complete Legend Spheres","10","Unlock 10 Record Board tiles","15","Unlock 20 Record Board tiles","15","Use 30 HP Crystal Waters","10","Use 30 ATK Crystal Waters","10","Use 30 DEF Crystal Waters","10","Use 30 RES Crystal Waters","10","✓","✓"
"Snow","XIII","Reach Level 99","40","Unlock All Record Spheres","10","Complete Legend Spheres","10","Level 25 Magia","15","Level 50 Magia","15","Use 30 HP Crystal Waters","10","Use 30 ATK Crystal Waters","10","Use 30 DEF Crystal Waters","10","Use 30 RES Crystal Waters","10","✓","✓"
"Sazh","XIII","Reach Level 99","40","Unlock All Record Spheres","10","Complete Legend Spheres","10","Unlock 10 Record Board tiles","15","Unlock 20 Record Board tiles","15","Use 30 HP Crystal Waters","10","Use 30 ATK Crystal Waters","10","Use 30 DEF Crystal Waters","10","Use 30 RES Crystal Waters","10","✓","✓"
"Fang","XIII","Reach Level 99","40","Unlock All Record Spheres","10","Complete Legend Spheres","10","Level 25 Magia","15","Level 50 Magia","15","Use 30 HP Crystal Waters","10","Use 30 ATK Crystal Waters","10","Use 30 DEF Crystal Waters","10","Use 30 RES Crystal Waters","10","✓","✓"
"Vanille","XIII","Reach Level 99","40","Unlock All Record Spheres","10","Complete Legend Spheres","10","Level 25 Magia","15","Level 50 Magia","15","Use 30 HP Crystal Waters","10","Use 30 DEF Crystal Waters","10","Use 30 RES Crystal Waters","10","Use 30 MND Crystal Waters","10","✓","✓"
"Hope","XIII","Reach Level 99","40","Unlock All Record Spheres","10","Complete Legend Spheres","10","Unlock 10 Record Board tiles","15","Unlock 20 Record Board tiles","15","Use 30 HP Crystal Waters","10","Use 30 DEF Crystal Waters","10","Use 30 MAG Crystal Waters","10","Use 30 RES Crystal Waters","10","✓","✓"
"Serah","XIII","Reach Level 99","40","Unlock All Record Spheres","10","Complete Legend Spheres","10","Level 25 Magia","15","Level 50 Magia","15","Use 30 HP Crystal Waters","10","Use 30 DEF Crystal Waters","10","Use 30 MAG Crystal Waters","10","Use 30 RES Crystal Waters","10","✓","✓"
"Cid Raines","XIII","Reach Level 99","40","Unlock All Record Spheres","10","Complete Legend Spheres","10","Unlock 10 Record Board tiles","15","Unlock 20 Record Board tiles","15","Use 30 HP Crystal Waters","10","Use 30 DEF Crystal Waters","10","Use 30 MAG Crystal Waters","10","Use 30 RES Crystal Waters","10","✓","✓"
"Noel","XIII","Reach Level 99","40","Unlock All Record Spheres","10","Complete Legend Spheres","10","Level 25 Magia","15","Level 50 Magia","15","Use 30 HP Crystal Waters","10","Use 30 ATK Crystal Waters","10","Use 30 DEF Crystal Waters","10","Use 30 RES Crystal Waters","10","✓","✓"
"Nabaat","XIII","Reach Level 99","40","Unlock All Record Spheres","10","Complete Legend Spheres","10","Unlock 10 Record Board tiles","15","Unlock 20 Record Board tiles","15","Use 30 HP Crystal Waters","10","Use 30 DEF Crystal Waters","10","Use 30 MAG Crystal Waters","10","Use 30 RES Crystal Waters","10","✓","✓"
"Papalymo","XIV","Reach Level 99","40","Unlock All Record Spheres","10","Complete Legend Spheres","10","Level 25 Magia","15","Level 50 Magia","15","Use 30 HP Crystal Waters","10","Use 30 DEF Crystal Waters","10","Use 30 MAG Crystal Waters","10","Use 30 RES Crystal Waters","10","✓","✓"
"Y'shtola","XIV","Reach Level 99","40","Unlock All Record Spheres","10","Complete Legend Spheres","10","Level 25 Magia","15","Level 50 Magia","15","Use 30 HP Crystal Waters","10","Use 30 DEF Crystal Waters","10","Use 30 RES Crystal Waters","10","Use 30 MND Crystal Waters","10","✓","✓"
"Yda","XIV","Reach Level 99","40","Unlock All Record Spheres","10","Complete Legend Spheres","10","Level 25 Magia","15","Level 50 Magia","15","Use 30 HP Crystal Waters","10","Use 30 ATK Crystal Waters","10","Use 30 DEF Crystal Waters","10","Use 30 RES Crystal Waters","10","✓","✓"
"Thancred","XIV","Reach Level 99","40","Unlock All Record Spheres","10","Complete Legend Spheres","10","Level 25 Magia","15","Level 50 Magia","15","Use 30 HP Crystal Waters","10","Use 30 ATK Crystal Waters","10","Use 30 DEF Crystal Waters","10","Use 30 RES Crystal Waters","10","✓","✓"
"Minfilia","XIV","Reach Level 99","40","Unlock All Record Spheres","10","Complete Legend Spheres","10","Level 25 Magia","15","Level 50 Magia","15","Use 30 HP Crystal Waters","10","Use 30 ATK Crystal Waters","10","Use 30 DEF Crystal Waters","10","Use 30 RES Crystal Waters","10","✓","✓"
"Alphinaud","XIV","Reach Level 99","40","Unlock All Record Spheres","10","Complete Legend Spheres","10","Unlock 10 Record Board tiles","15","Unlock 20 Record Board tiles","15","Use 30 HP Crystal Waters","10","Use 30 MAG Crystal Waters","10","Use 30 RES Crystal Waters","10","Use 30 MND Crystal Waters","10","✓","✓"
"Cid (XIV)","XIV","Reach Level 99","40","Unlock All Record Spheres","10","Complete Legend Spheres","10","Level 25 Magia","15","Level 50 Magia","15","Use 30 HP Crystal Waters","10","Use 30 ATK Crystal Waters","10","Use 30 DEF Crystal Waters","10","Use 30 RES Crystal Waters","10","✓","✓"
"Estinien","XIV","Reach Level 99","40","Unlock All Record Spheres","10","Complete Legend Spheres","10","Level 25 Magia","15","Level 50 Magia","15","Use 30 HP Crystal Waters","10","Use 30 ATK Crystal Waters","10","Use 30 DEF Crystal Waters","10","Use 30 RES Crystal Waters","10","✓","✓"
"Haurchefant","XIV","Reach Level 99","40","Unlock All Record Spheres","10","Complete Legend Spheres","10","Level 25 Magia","15","Level 50 Magia","15","Use 30 HP Crystal Waters","10","Use 30 ATK Crystal Waters","10","Use 30 DEF Crystal Waters","10","Use 30 RES Crystal Waters","10","✓","✓"
"Ysayle","XIV","Reach Level 99","40","Unlock All Record Spheres","10","Complete Legend Spheres","10","Level 25 Magia","15","Level 50 Magia","15","Use 30 HP Crystal Waters","10","Use 30 DEF Crystal Waters","10","Use 30 MAG Crystal Waters","10","Use 30 RES Crystal Waters","10","✓","✓"
"Noctis","XV","Reach Level 99","40","Unlock All Record Spheres","10","Complete Legend Spheres","10","Unlock 10 Record Board tiles","15","Unlock 20 Record Board tiles","15","Use 30 HP Crystal Waters","10","Use 30 ATK Crystal Waters","10","Use 30 DEF Crystal Waters","10","Use 30 RES Crystal Waters","10","✓","✓"
"Gladiolus","XV","Reach Level 99","40","Unlock All Record Spheres","10","Complete Legend Spheres","10","Level 25 Magia","15","Level 50 Magia","15","Use 30 HP Crystal Waters","10","Use 30 ATK Crystal Waters","10","Use 30 DEF Crystal Waters","10","Use 30 RES Crystal Waters","10","✓","✓"
"Prompto","XV","Reach Level 99","40","Unlock All Record Spheres","10","Complete Legend Spheres","10","Level 25 Magia","15","Level 50 Magia","15","Use 30 HP Crystal Waters","10","Use 30 ATK Crystal Waters","10","Use 30 DEF Crystal Waters","10","Use 30 RES Crystal Waters","10","✓","✓"
"Ignis","XV","Reach Level 99","40","Unlock All Record Spheres","10","Complete Legend Spheres","10","Level 25 Magia","15","Level 50 Magia","15","Use 30 HP Crystal Waters","10","Use 30 ATK Crystal Waters","10","Use 30 DEF Crystal Waters","10","Use 30 RES Crystal Waters","10","✓","✓"
"Iris","XV","Reach Level 99","40","Unlock All Record Spheres","10","Complete Legend Spheres","10","Level 25 Magia","15","Level 50 Magia","15","Use 30 HP Crystal Waters","10","Use 30 DEF Crystal Waters","10","Use 30 RES Crystal Waters","10","Use 30 MND Crystal Waters","10","✓","✓"
"Aranea","XV","Reach Level 99","40","Unlock All Record Spheres","10","Complete Legend Spheres","10","Level 25 Magia","15","Level 50 Magia","15","Use 30 HP Crystal Waters","10","Use 30 ATK Crystal Waters","10","Use 30 DEF Crystal Waters","10","Use 30 RES Crystal Waters","10","✓","✓"
"Cor","XV","Reach Level 99","40","Unlock All Record Spheres","10","Complete Legend Spheres","10","Level 25 Magia","15","Level 50 Magia","15","Use 30 HP Crystal Waters","10","Use 30 ATK Crystal Waters","10","Use 30 DEF Crystal Waters","10","Use 30 RES Crystal Waters","10","✓","✓"
"Lunafreya","XV","Reach Level 99","40","Unlock All Record Spheres","10","Complete Legend Spheres","10","Unlock 10 Record Board tiles","15","Unlock 20 Record Board tiles","15","Use 30 HP Crystal Waters","10","Use 30 MAG Crystal Waters","10","Use 30 RES Crystal Waters","10","Use 30 MND Crystal Waters","10","✓","✓"
"Agrias","FFT","Reach Level 99","40","Unlock All Record Spheres","10","Complete Legend Spheres","10","Level 25 Magia","15","Level 50 Magia","15","Use 30 HP Crystal Waters","10","Use 30 ATK Crystal Waters","10","Use 30 DEF Crystal Waters","10","Use 30 RES Crystal Waters","10","✓","✓"
"Ramza","FFT","Reach Level 99","40","Unlock All Record Spheres","10","Complete Legend Spheres","10","Unlock 10 Record Board tiles","15","Unlock 20 Record Board tiles","15","Use 30 HP Crystal Waters","10","Use 30 ATK Crystal Waters","10","Use 30 DEF Crystal Waters","10","Use 30 RES Crystal Waters","10","✓","✓"
"Delita","FFT","Reach Level 99","40","Unlock All Record Spheres","10","Complete Legend Spheres","10","Level 25 Magia","15","Level 50 Magia","15","Use 30 HP Crystal Waters","10","Use 30 ATK Crystal Waters","10","Use 30 DEF Crystal Waters","10","Use 30 RES Crystal Waters","10","✓","✓"
"Mustadio","FFT","Reach Level 99","40","Unlock All Record Spheres","10","Complete Legend Spheres","10","Level 25 Magia","15","Level 50 Magia","15","Use 30 HP Crystal Waters","10","Use 30 ATK Crystal Waters","10","Use 30 DEF Crystal Waters","10","Use 30 RES Crystal Waters","10","✓","✓"
"Rapha","FFT","Reach Level 99","40","Unlock All Record Spheres","10","Complete Legend Spheres","10","Level 25 Magia","15","Level 50 Magia","15","Use 30 HP Crystal Waters","10","Use 30 DEF Crystal Waters","10","Use 30 MAG Crystal Waters","10","Use 30 RES Crystal Waters","10","✓","✓"
"Ovelia","FFT","Reach Level 99","40","Unlock All Record Spheres","10","Complete Legend Spheres","10","Level 25 Magia","15","Level 50 Magia","15","Use 30 HP Crystal Waters","10","Use 30 DEF Crystal Waters","10","Use 30 RES Crystal Waters","10","Use 30 MND Crystal Waters","10","✓","✓"
"Orlandeau","FFT","Reach Level 99","40","Unlock All Record Spheres","10","Complete Legend Spheres","10","Level 25 Magia","15","Level 50 Magia","15","Use 30 HP Crystal Waters","10","Use 30 ATK Crystal Waters","10","Use 30 DEF Crystal Waters","10","Use 30 RES Crystal Waters","10","✓","✓"
"Marche","FFT","Reach Level 99","40","Unlock All Record Spheres","10","Complete Legend Spheres","10","Level 25 Magia","15","Level 50 Magia","15","Use 30 HP Crystal Waters","10","Use 30 ATK Crystal Waters","10","Use 30 DEF Crystal Waters","10","Use 30 RES Crystal Waters","10","✓","✓"
"Alma","FFT","Reach Level 99","40","Unlock All Record Spheres","10","Complete Legend Spheres","10","Level 25 Magia","15","Level 50 Magia","15","Use 30 HP Crystal Waters","10","Use 30 DEF Crystal Waters","10","Use 30 RES Crystal Waters","10","Use 30 MND Crystal Waters","10","✓","✓"
"Montblanc","FFT","Reach Level 99","40","Unlock All Record Spheres","10","Complete Legend Spheres","10","Level 25 Magia","15","Level 50 Magia","15","Use 30 HP Crystal Waters","10","Use 30 DEF Crystal Waters","10","Use 30 MAG Crystal Waters","10","Use 30 RES Crystal Waters","10","✓","✓"
"Meliadoul","FFT","Reach Level 99","40","Unlock All Record Spheres","10","Complete Legend Spheres","10","Level 25 Magia","15","Level 50 Magia","15","Use 30 HP Crystal Waters","10","Use 30 ATK Crystal Waters","10","Use 30 DEF Crystal Waters","10","Use 30 RES Crystal Waters","10","✓","✓"
"Gaffgarion","FFT","Reach Level 99","40","Unlock All Record Spheres","10","Complete Legend Spheres","10","Level 25 Magia","15","Level 50 Magia","15","Use 30 HP Crystal Waters","10","Use 30 ATK Crystal Waters","10","Use 30 DEF Crystal Waters","10","Use 30 RES Crystal Waters","10","✓","✓"
"Marach","FFT","Reach Level 99","40","Unlock All Record Spheres","10","Complete Legend Spheres","10","Level 25 Magia","15","Level 50 Magia","15","Use 30 HP Crystal Waters","10","Use 30 DEF Crystal Waters","10","Use 30 MAG Crystal Waters","10","Use 30 RES Crystal Waters","10","✓","✓"
"Orran","FFT","Reach Level 99","40","Unlock All Record Spheres","10","Complete Legend Spheres","10","Level 25 Magia","15","Level 50 Magia","15","Use 30 HP Crystal Waters","10","Use 30 DEF Crystal Waters","10","Use 30 RES Crystal Waters","10","Use 30 MND Crystal Waters","10","✓","✓"
"Ace","Type-0","Reach Level 99","40","Unlock All Record Spheres","10","Complete Legend Spheres","10","Unlock 10 Record Board tiles","15","Unlock 20 Record Board tiles","15","Use 30 HP Crystal Waters","10","Use 30 DEF Crystal Waters","10","Use 30 MAG Crystal Waters","10","Use 30 RES Crystal Waters","10","✓","✓"
"Machina","Type-0","Reach Level 99","40","Unlock All Record Spheres","10","Complete Legend Spheres","10","Level 25 Magia","15","Level 50 Magia","15","Use 30 HP Crystal Waters","10","Use 30 ATK Crystal Waters","10","Use 30 DEF Crystal Waters","10","Use 30 RES Crystal Waters","10","✓","✓"
"Rem","Type-0","Reach Level 99","40","Unlock All Record Spheres","10","Complete Legend Spheres","10","Unlock 10 Record Board tiles","15","Unlock 20 Record Board tiles","15","Use 30 HP Crystal Waters","10","Use 30 MAG Crystal Waters","10","Use 30 RES Crystal Waters","10","Use 30 MND Crystal Waters","10","✓","✓"
"Deuce","Type-0","Reach Level 99","40","Unlock All Record Spheres","10","Complete Legend Spheres","10","Level 25 Magia","15","Level 50 Magia","15","Use 30 HP Crystal Waters","10","Use 30 DEF Crystal Waters","10","Use 30 RES Crystal Waters","10","Use 30 MND Crystal Waters","10","✓","✓"
"King","Type-0","Reach Level 99","40","Unlock All Record Spheres","10","Complete Legend Spheres","10","Unlock 10 Record Board tiles","15","Unlock 20 Record Board tiles","15","Use 30 HP Crystal Waters","10","Use 30 ATK Crystal Waters","10","Use 30 DEF Crystal Waters","10","Use 30 RES Crystal Waters","10","✓","✓"
"Cinque","Type-0","Reach Level 99","40","Unlock All Record Spheres","10","Complete Legend Spheres","10","Unlock 10 Record Board tiles","15","Unlock 20 Record Board tiles","15","Use 30 HP Crystal Waters","10","Use 30 ATK Crystal Waters","10","Use 30 DEF Crystal Waters","10","Use 30 RES Crystal Waters","10","✓","✓"
"Queen","Type-0","Reach Level 99","40","Unlock All Record Spheres","10","Complete Legend Spheres","10","Level 25 Magia","15","Level 50 Magia","15","Use 30 HP Crystal Waters","10","Use 30 ATK Crystal Waters","10","Use 30 DEF Crystal Waters","10","Use 30 RES Crystal Waters","10","✓","✓"
"Cater","Type-0","Reach Level 99","40","Unlock All Record Spheres","10","Complete Legend Spheres","10","Unlock 10 Record Board tiles","15","Unlock 20 Record Board tiles","15","Use 30 HP Crystal Waters","10","Use 30 ATK Crystal Waters","10","Use 30 DEF Crystal Waters","10","Use 30 RES Crystal Waters","10","✓","✓"
"Trey","Type-0","Reach Level 99","40","Unlock All Record Spheres","10","Complete Legend Spheres","10","Level 25 Magia","15","Level 50 Magia","15","Use 30 HP Crystal Waters","10","Use 30 ATK Crystal Waters","10","Use 30 DEF Crystal Waters","10","Use 30 RES Crystal Waters","10","✓","✓"
"Eight","Type-0","Reach Level 99","40","Unlock All Record Spheres","10","Complete Legend Spheres","10","Level 25 Magia","15","Level 50 Magia","15","Use 30 HP Crystal Waters","10","Use 30 ATK Crystal Waters","10","Use 30 DEF Crystal Waters","10","Use 30 RES Crystal Waters","10","✓","✓"
"Sice","Type-0","Reach Level 99","40","Unlock All Record Spheres","10","Complete Legend Spheres","10","Unlock 10 Record Board tiles","15","Unlock 20 Record Board tiles","15","Use 30 HP Crystal Waters","10","Use 30 ATK Crystal Waters","10","Use 30 DEF Crystal Waters","10","Use 30 RES Crystal Waters","10","✓","✓"
"Seven","Type-0","Reach Level 99","40","Unlock All Record Spheres","10","Complete Legend Spheres","10","Unlock 10 Record Board tiles","15","Unlock 20 Record Board tiles","15","Use 30 HP Crystal Waters","10","Use 30 DEF Crystal Waters","10","Use 30 MAG Crystal Waters","10","Use 30 RES Crystal Waters","10","✓","✓"
"Jack","Type-0","Reach Level 99","40","Unlock All Record Spheres","10","Complete Legend Spheres","10","Level 25 Magia","15","Level 50 Magia","15","Use 30 HP Crystal Waters","10","Use 30 ATK Crystal Waters","10","Use 30 DEF Crystal Waters","10","Use 30 RES Crystal Waters","10","✓","✓"
"Nine","Type-0","Reach Level 99","40","Unlock All Record Spheres","10","Complete Legend Spheres","10","Level 25 Magia","15","Level 50 Magia","15","Use 30 HP Crystal Waters","10","Use 30 ATK Crystal Waters","10","Use 30 DEF Crystal Waters","10","Use 30 RES Crystal Waters","10","✓","✓"