"Realm","Character","Img","Name","Tier","LB Ver","Type","Target","Formula","Multiplier","Element","Time","Effects","Counter","Auto Target","Minimum LB Points","Mastery Bonus","Limit Break Bonus","Relic","Name (JP)","ID","Anima","GL","✓"
"VII","Cloud","","Guardian Choco-Mog","LBGS","","NAT","Self","","","","0.01","Summons Choco-Moogle for 5 seconds, grants [Protect], [Shell], [Haste], [Instant ATB 1], [DEF and RES +200% (25s)], [Last Stand], [Attach Wind 3 with Stacking] and [Damage Cap +20000] to Choco-Moogle","N","Self","250","","Guardian Summon Damage Up, Damage Reduction Barrier","Shura Gloves (VII)","Gチョコボ&モーグリ","20110036","","✓","✓"
"VII","Cloud","","Sonic Blade","LBO","","PHY","Single enemy","Physical","32.00","Wind, Dark","2.50","Four single attacks (1.00 each scaling with LB gauge and LB honing level) capped at 99999, ignores DEF, 100% additional critical chance","N","Lowest HP% enemy","250","","Limit Break Damage Up, Cast Time Down","Demonslayer (VII)","ソニックブレード","20110038","","✓","✓"
"VII","Cloud","","Woven Bond: Cloud","LBC","","PHY","Single enemy","Physical","8.00","Wind, NE","0.01","Ten single attacks (0.80 each) capped at 19999, element of entry damage changes to Dark/NE if the user has any Attach Dark, activates VII Chain (max 150, field +0%) or adds 25 to the current VII Chain maximum limit, grants [Chain Force Mode: Cloud] and [Instant ATB 1] to the user","N","Lowest HP% enemy","250","","Limit Break Damage Up, Quick Cast 1","Rudra Talwar (VII)","紡絆・クラウド","20110041","","","✓"
"VII","Cloud","","Woven Bond: Cloud (Wind)","LBC","","PHY","Single enemy","Physical","8.00","Wind, NE","0.01","Ten single attacks (0.80 each) capped at 19999, activates Wind Chain (max 150, field +0%) or adds 25 to the current Wind Chain maximum limit, grants [Chain Force Mode: Cloud (Wind)] and [Instant ATB 1] to the user","N","Lowest HP% enemy","250","","Limit Break Damage Up, Quick Cast 1","Aegis Shield (VII)","紡絆・クラウド風","20110048","","","✓"
"VII","Cloud","","Woven Bond: Cloud (Dark)","LBC","","PHY","Single enemy","Physical","","Dark, NE","0.01","10 single-target physical attacks (0.80 each) capped at 19999, activates Dark Chain (150 or +25), Chain Force Mode & Instant ATB 1 to user
Chain Force Mode: At Chain Count 50 & 100, grants Dark Ability Damage +30% for 1 turn to user","N","Lowest HP% enemy","250","","","Bone Plate (VII)","紡絆・クラウド闇","20110058","","",""
"VII","Barret","","Volcanic Cannon","LBO","","PHY","Single enemy","Physical","40.00","Fire","2.50","Five single ranged attacks (1.00 each scaling with LB gauge and LB honing level) capped at 99999, ignores DEF, 100% additional critical chance","N","Lowest HP% enemy","250","","Limit Break Damage Up, Cast Time Down","Pilebunker (VII)","ボルカニックキャノン","20760019","","✓","✓"
"VII","Barret","","Woven Bond: Barret","LBC","","PHY","Single enemy","Physical","8.00","Fire, NE","0.01","Ten single ranged attacks (0.80 each) capped at 19999, activates VII Chain (max 150, field +0%) or adds 25 to the current VII Chain maximum limit and increases the current chain count on all enemies by 10, grants [Chain Force Mode: Barret] and [Instant ATB 1] to the user","N","Lowest HP% enemy","250","","Limit Break Damage Up, Quick Cast 1","Egoist's Armlet (VII)","紡絆・バレット","20760022","","","✓"
"VII","Tifa","","Crushing Palm","LBO","","PHY","Single enemy","Physical","40.00","Earth","2.50","Five single attacks (1.00 each scaling with LB gauge and LB honing level) capped at 99999, ignores DEF, 100% additional critical chance","N","Lowest HP% enemy","250","","Limit Break Damage Up, Cast Time Down","Ehrgeiz (VII)","破砕・掌打クラッシュ","20230017","10","✓","✓"
"VII","Tifa","","Woven Bond: Tifa (Earth)","LBC","","PHY","Single enemy","Physical","8.00","Earth, NE","0.01","Ten single ranged attacks (0.80 each) capped at 19999, activates Earth Chain (max 150, field +0%) or adds 25 to the current Earth Chain maximum limit, grants [Chain Force Mode: Tifa] and [Instant ATB 1] to the user","N","Lowest HP% enemy","250","","Limit Break Damage Up, Quick Cast 1","Spartan (VII)"," 紡絆・ティファ地","20230030","","","✓"
"VII","Aerith","","Woven Bond: Aerith","LBC","","WHT","Single enemy","Magical","","Holy, NE","0.01","10 single-target Holy/NE white magic attacks at Cap Break Level 1, activates VII Chain (150 or +25) & +10 Chain Count to all targets, Chain Force Mode & Instant ATB 1 to user
Chain Force Mode: After using White Magic abilities, grants Quick Cast 1 to party (max 2 chases)
","N","Lowest HP% enemy","250","","","Asura's Rod (VII)","紡絆・エアリス","20120022","","",""
"VII","Red XIII","","Comet Soar","LBO","","BLK","Single enemy","Magical","120.00","Earth","2.50","Five single attacks (3.00 each scaling with LB gauge and LB honing level) capped at 99999, ignores RES","N","Lowest HP% enemy","250","","Limit Break Damage Up, Cast Time Down","Diamant Barrette (VII)","コメットソア","20470016","10","✓","✓"
"VII","Red XIII","","Woven Bond: Red XIII (Earth)","LBC","","BLK","Single enemy","Magical","26.00","Earth, NE","0.01","Ten single attacks (2.60 each) capped at 19999, activates Earth Chain (max 150, field +0%) or adds 25 to the current Earth Chain maximum limit and increases the current chain count on all enemies by 10, grants [Chain Force Mode: Red XIII] and [Instant ATB 1] to the user","N","Lowest HP% enemy","250","","Limit Break Damage Up, Quick Cast 1","Crystal Barette (VII)","紡絆・レッドXIII地","20470023","","","✓"
"VII","Yuffie","","Soaring Kunai","LBO","","PHY","Single enemy","Physical","24.00","Water, Earth","2.50","Three single ranged attacks (1.00 each scaling with LB gauge and LB honing level) capped at 99999, ignores DEF, 100% additional critical chance, grants [Physical Blink 1] to all allies","N","Lowest HP% enemy","250","","Limit Break Damage Up, Cast Time Down","Black Garb (VII)","我流・飛苦無","22040020","10","✓","✓"
"VII","Vincent","","Galian Scratch","LBO","","NAT","Single enemy","Hybrid","","Fire","2.50","Four single hybrid ranged attacks (1.00 or 3.00 each scaling with LB gauge and LB honing level) capped at 99999, ignores DEF and RES, 100% additional critical chance","N","Lowest HP% enemy","250","","Limit Break Damage Up, Cast Time Down","Outsider (VII)","ガリアンスクラッチ","22170015","10","✓","✓"
"VII","Vincent","","Woven Bond: Vincent (Fire)","LBC","","NAT","Single enemy","Hybrid","","Fire, NE","0.01","Ten single ranged hybrid attacks (0.80 or 2.60 each) capped at 19999, activates Fire Chain (max 150, field +0%) or adds 25 to the current Fire Chain maximum limit, grants [Chain Force Mode: Vincent] and [Instant ATB 1] to the user","N","Lowest HP% enemy","250","","Limit Break Damage Up, Quick Cast 1","Blow Machine Gun (CC) (VII)","紡絆・ヴィンセント炎","22170023","","","✓"
"VII","Vincent","","Guardian Chaos","LBGS","","NAT","Self","","","","0.01","Summons Chaos for 5 seconds, grants [Protect], [Shell], [Haste], [Instant ATB 1], [DEF and RES +200% (25s)], [Last Stand], [Attach Fire 3 with Stacking] and [Damage Cap +20000] to Chaos","N","Self","250","","Guardian Summon Damage Up, Damage Reduction Barrier","Sadalmelik (VII)","Gカオス","22170024","","","✓"
"VII","Zack","","Woven Bond: Zack (Wind)","LBC","","PHY","Single enemy","Physical","8.00","Wind, NE","0.01","Ten single attacks (0.80 each) capped at 19999, activates Wind Chain (max 150, field +0%) or adds 25 to the current Wind Chain maximum limit, grants [Chain Force Mode: Zack (Wind)] and [Instant ATB 1] to the user","N","Lowest HP% enemy","250","","Limit Break Damage Up, Quick Cast 1","Falchion (CC) (VII)","紡絆・ザックス風","20660023","","","✓"
"VII","Zack","","Woven Bond: Zack","LBC","","PHY","Single enemy","Physical","","Wind, NE","0.01","10 single-target Wind/NE physical attacks at Cap Break Level 1, activates Wind Chain (150 or +25), Chain Force Mode & Instant ATB 1 to user
Chain Force Mode: After using Wind abilities, chases with 6 single-target Wind/NE physical attacks (max 2 chases)","N","Lowest HP% enemy","250","","","Apocalypse (CC) (VII)","紡絆・ザックス","20660027","","",""
"VII","Sephiroth","","Dark Illumination","LBO","","PHY","Single enemy","Physical","40.00","Dark","2.50","Five single attacks (1.00 each scaling with LB gauge and LB honing level) capped at 99999, ignores DEF, 100% additional critical chance","N","Lowest HP% enemy","250","","Limit Break Damage Up, Cast Time Down","Blessed Armlet (VII)","闇照","20250027","10","✓","✓"
"VII","Sephiroth","","Woven Bond: Sephiroth (Dark)","LBC","","PHY","Single enemy","Physical","8.00","Dark, NE","0.01","Ten single attacks (0.80 each) capped at 19999, activates Dark Chain (max 150, field +0%) or adds 25 to the current Dark Chain maximum limit, grants [Chain Force Mode: Sephiroth (Dark)] and [Instant ATB 1] to the user","N","Lowest HP% enemy","250","","Limit Break Damage Up, Quick Cast 1","Gigas Chestplate (VII)","紡絆・セフィロス闇","20250035","","✓","✓"
"VII","Cid (VII)","","Woven Bond: Cid (VII)","LBC","","PHY","Single enemy","Physical","8.00","Wind, NE","0.01","Ten single ranged jump attacks (0.80 each) capped at 19999, activates VII Chain (max 150, field +0%) or adds 25 to the current VII Chain maximum limit, grants [Chain Force Mode: Cid (VII)] and [Instant ATB 1] to the user","N","Lowest HP% enemy","250","","Limit Break Damage Up, Quick Cast 1","Dragon Whisker (VII)","紡絆・シド(VII)","20830014","","","✓"
"VII","Reno","","Pyramid Tetra","LBO","","NAT","Single enemy","Hybrid","","Lightning","2.50","Four single hybrid ranged attacks (1.00 or 3.00 each scaling with LB gauge and LB honing level) capped at 99999, ignores DEF and RES, 100% additional critical chance, causes [ATK and MAG -50% (8s)], grants [50% Damage Reduction Barrier 1] to all allies","N","Lowest HP% enemy","250","","Limit Break Damage Up, Cast Time Down","Modified Full Metal Staff (VII)","ピラミッド・テトラ","20920011","10","✓","✓"
"VII","Reno","","Woven Bond: Reno (Lightning)","LBC","","NAT","Single enemy","Hybrid","","Lightning, NE","0.01","10 single-target Lightning/NE ranged hybrid attacks at Cap Break Level 1, activates Lightning Chain (150 or +25), Chain Force Mode & Instant ATB 1 to user
Chain Force Mode: After using a Lightning ability, grants Lightning Damage +20% for 5 seconds to party (max 1 chase)","N","Lowest HP% enemy","250","","","Spike Rod (VII)","紡絆・レノ雷","20920030","","",""
"VII","Angeal","","True Unleashed Wrath","LBO","","PHY","Single enemy","Physical","32.00","Wind, Holy","2.50","Four single attacks (1.00 each scaling with LB gauge and LB honing level) capped at 99999, ignores DEF, 100% additional critical chance","N","Lowest HP% enemy","250","","Limit Break Damage Up, Cast Time Down","Soul Sabre (CC) (VII)","真・憤怒の解放","22500011","10","✓","✓"
"VII","Rufus","","Woven Bond: Rufus","LBC","","PHY","Single enemy","Physical","8.00","Dark, NE","0.01","Ten single ranged attacks (0.80 each) capped at 19999, activates VII Chain (max 150, field +0%) or adds 25 to the current VII Chain maximum limit, grants [Chain Force Mode: Rufus] and [Instant ATB 1] to the user","N","Lowest HP% enemy","250","","Limit Break Damage Up, Quick Cast 1","Valiant R (VII)","紡絆・ルーファウス","22630013","","","✓"
"VII","Rufus","","Woven Bond: Rufus (Dark)","LBC","","PHY","Single enemy","Physical","8.00","Dark, NE","0.01","Ten single ranged attacks (0.80 each) capped at 19999, activates Dark Chain (max 150, field +0%) or adds 25 to the current Dark Chain maximum limit and increases the current chain count on all enemies by 10, grants [Chain Force Mode: Rufus (Dark)] and [Instant ATB 1] to the user
","N","Lowest HP% enemy","250","","Limit Break Damage Up, Quick Cast 1","Procyon (VII)","紡絆・ルーファウス闇","22630020","","","✓"
"VII","Shelke","","Transparent Flash","LBO","","PHY","Single enemy","Physical","32.00","Lightning","2.50","Four single attacks (1.00 each scaling with LB gauge and LB honing level) capped at 99999, ignores DEF, 100% additional critical chance, grants [50% Damage Reduction Barrier 2] to all allies","N","Lowest HP% enemy","250","","Limit Break Damage Up, Cast Time Down","Dragoon Lance (DoC) (VII)","無式・彩雷","22820010","10","✓","✓"
"VII","Shelke","","Woven Bond: Shelke (Lightning)","LBC","","PHY","Single enemy","Physical","8.00","Lightning, NE","0.01","Ten single attacks (0.80) capped at 19999, activates Lightning Chain (max 150, field +0%) or adds 25 to the current Lightning Chain maximum limit and increases the current chain count on all enemies by 10, grants [Chain Force Mode: Shelke] and [Instant ATB 1] to the user","N","Lowest HP% enemy","250","","Limit Break Damage Up, Quick Cast 1","Luin (DoC) (VII)","紡絆・シェルク雷","22820020","","","✓"
"VII","Rude","","Woven Bond: Rude","LBC","","NAT","Single enemy","Hybrid","","Earth/Lightning, NE","0.01","Ten single ranged hybrid attacks (0.80 or 2.60 each) capped at 19999, activates VII Chain (max 150, field +0%) or adds 25 to the current VII Chain maximum limit, grants [Chain Force Mode: Rude] and [Instant ATB 1] to the user","N","Lowest HP% enemy","250","","Limit Break Damage Up, Quick Cast 1","Titan's Gloves (VII)","紡絆・ルード","23010019","","","✓"
"VII","Elena","","Woven Bond: Elena","LBC","","PHY","Single enemy","Physical","8.00","Fire, Lightning, NE","0.01","Ten single ranged attacks (0.80 each) capped at 19999, activates VII Chain (max 150, field +0%) or adds 25 to the current VII Chain maximum limit, grants [Chain Force Mode: Elena] and [Instant ATB 1] to the user","N","Lowest HP% enemy","250","","Limit Break Damage Up, Quick Cast 1","Beret (VII)","紡絆・イリーナ","23020020","","","✓"
"VII","Genesis","","Light of Doom","LBO","","PHY","Single enemy","Physical","40.00","Fire","2.50","Five single attacks (1.00 each scaling with LB gauge and LB honing level) capped at 99999, ignores DEF, 100% additional critical chance","N","Lowest HP% enemy","250","","Limit Break Damage Up, Cast Time Down","Deathbringer (CC) (VII)","終焉の光","23470008","10","✓","✓"
"VII","Genesis","","Woven Bond: Genesis (Fire)","LBC","","PHY","Single enemy","Physical","8.00","Fire, NE","0.01","Ten single attacks (0.80) capped at 19999, activates Fire Chain (max 150, field +0%) or adds 25 to the current Fire Chain maximum limit, grants [Chain Force Mode: Genesis] and [Instant ATB 1] to the user","N","Lowest HP% enemy","250","","Limit Break Damage Up, Quick Cast 1","Brave Suit (CC) (VII)","紡絆・ジェネシス炎","23470015","","","✓"
"VIII","Squall","","Renzokuken Iceflame","LBO","","PHY","Single enemy","Physical","32.00","Ice, Fire","2.50","Four single attacks (1.00 each scaling with LB gauge and LB honing level) capped at 99999, ignores DEF, 100% additional critical chance","N","Lowest HP% enemy","250","","Limit Break Damage Up, Cast Time Down","Stoneblade (VIII)","連続剣・IF","20350033","","✓","✓"
"VIII","Squall","","Woven Bond: Squall","LBC","","PHY","Single enemy","Physical","8.00","Ice, NE","0.01","Ten single attacks (0.80 each) capped at 19999, activates VIII Chain (max 150, field +0%) or adds 25 to the current VIII Chain maximum limit, grants [Chain Force Mode: Squall] and [Instant ATB 1] to the user","N","Lowest HP% enemy","250","","Limit Break Damage Up, Quick Cast 1","Laevateinn (VIII)","紡絆・スコール","20350040","","✓","✓"
"VIII","Squall","","Woven Bond: Squall (Ice)","LBC","","PHY","Single enemy","Physical","8.00","Ice, NE","0.01","Ten single attacks (0.80 each) capped at 19999, activates Ice Chain (max 150, field +0%) or adds 25 to the current Ice Chain maximum limit, grants [Chain Force Mode: Squall (Ice)] and [Instant ATB 1] to the user","N","Lowest HP% enemy","250","","Limit Break Damage Up, Quick Cast 1","Plate Mail (VIII)","紡絆・スコール氷","20350050","","","✓"
"VIII","Rinoa","","Angel Wing Permafrost","LBO","","BLK","Single enemy","Magical","96.00","Ice, Earth","2.50","Four single attacks (3.00 each scaling with LB gauge and LB honing level) capped at 99999, ignores RES","N","Lowest HP% enemy","250","","Limit Break Damage Up, Cast Time Down","Brynhildr (VIII)","ヴァリー・氷丘","20300022","10","✓","✓"
"VIII","Rinoa","","Woven Bond: Rinoa","LBC","","BLK","Single enemy","Magical","26.00","Ice, NE","0.01","Ten single attacks (2.60 each) capped at 19999, activates VIII Chain (max 150, field +0%) or adds 25 to the current VIII Chain maximum limit, grants [Chain Force Mode: Rinoa] and [Instant ATB 1] to the user","N","Lowest HP% enemy","250","","Limit Break Damage Up, Quick Cast 1","Tezcatlipoca (VIII)","紡絆・リノア","20300032","","✓","✓"
"VIII","Rinoa","","Woven Bond: Rinoa (Ice)","LBC","","BLK","Single enemy","Magical","26.00","Ice, NE","0.01","Ten single attacks (2.60 each) capped at 19999, activates Ice Chain (max 150, field +0%) or adds 25 to the current Ice Chain maximum limit, grants [Chain Force Mode: Rinoa (Ice)] and [Instant ATB 1] to the user","N","Lowest HP% enemy","250","","Limit Break Damage Up, Quick Cast 1","Chakram (VIII)","紡絆・リノア氷","20300046","","✓","✓"
"VIII","Quistis","","Guardian Doomtrain","LBGS","","NAT","Self","","","","0.01","Summons Doomtrain for 5 seconds, grants [Protect], [Shell], [Haste], [Instant ATB 1], [DEF and RES +200% (25s)], [Attach Poison 3 with Stacking] and [Damage Cap +20000] to Doomtrain","N","Self","250","","Guardian Summon Damage Up, Damage Reduction Barrier","Poison Whip (VIII)","Gグラシャラボラス","20500017","","✓","✓"
"VIII","Quistis","","Woven Bond: Quistis (Poison)","LBC","","BLK","Single enemy","Magical","26.00","Poison, NE","0.01","Ten single attacks (2.60 each) capped at 19999, activates Poison Chain (max 150, field +0%) or adds 25 to the current Poison Chain maximum limit and increases the current chain count on all enemies by 10, grants [Chain Force Mode: Quistis (Poison)] and [Instant ATB 1] to the user","N","Self","250","","Limit Break Damage Up, Quick Cast 1","Thorn Lash (VIII)","紡絆・キスティス毒","20500031","","","✓"
"VIII","Quistis","","Woven Bond: Quistis (Water)","LBC","","BLK","Single enemy","Magical","","Water, NE","0.01","10 single-target Water/NE magic attacks at Cap Break Level 1, activates Water Chain (150 or +25) & +10 Chain Count to all targets, Chain Force Mode & Instant ATB 1 to user
Chain Force Mode: After using a Water ability, grants Instant Cast 1 to party (max 1 chase)","N","Lowest HP% enemy","250","","","Rubber Suit (VIII)","紡絆・キスティス水","20500034","","",""
"VIII","Zell","","Dolphin Kick","LBO","","PHY","Single enemy","Physical","40.00","Fire","2.50","Five single attacks (1.00 each scaling with LB gauge and LB honing level) capped at 99999, ignores DEF, 100% additional critical chance","N","Lowest HP% enemy","250","","Limit Break Damage Up, Cast Time Down","Red Glove (VIII)","ドルフィンキック","20670020","","✓","✓"
"VIII","Zell","","Woven Bond: Zell (Fire)","LBC","","PHY","Single enemy","Physical","8.00","Fire, NE","0.01","10 single-target physical attacks (0.80 each) capped at 19999, activates Fire Chain (150 or +25), Chain Force Mode & Instant ATB 1 to user
Chain Force Mode: After using Fire abilities, chases with 4 single-target Fire/NE physical attacks (0.32 each) (max 3 chases)","N","Lowest HP% enemy","250","","","Hell Claws (VIII)","紡絆・ゼル炎","20670027","","",""
"VIII","Selphie","","Woven Bond: Selphie","LBC","","WHT","Single enemy","Magical","27.00","Holy, NE","0.01","Ten single attacks (2.70 each) capped at 19999, activates VIII Chain (max 150, field +0%) or adds 25 to the current VIII Chain maximum limit, grants [Chain Force Mode: Selphie] and [Instant ATB 1] to the user","N","Lowest HP% enemy","250","","Limit Break Damage Up, Quick Cast 1","Light Nunchaku (VIII)","紡絆・セルフィ","20510020","","","✓"
"VIII","Irvine","","Woven Bond: Irvine (Fire)","LBC","","PHY","Single enemy","Physical","8.00","Fire, NE","0.01","Ten single attacks (0.80 each) capped at 19999, activates Fire Chain (max 150, field +0%) or adds 25 to the current Fire Chain maximum limit and increases the current chain count on all enemies by 10, grants [Chain Force Mode: Irvine] and [Instant ATB 1] to the user","N","Lowest HP% enemy","250","","Limit Break Damage Up, Quick Cast 1","Brimstone Armlet (VIII)","紡絆・アーヴァイン炎","20410018","","","✓"
"VIII","Irvine","","Boosted Snipe","LBO","","PHY","Single enemy","Physical","40.00","Fire","2.50","Five single ranged attacks (1.00 each scaling with LB gauge and LB honing level) capped at 99999, ignores DEF, 100% additional critical chance","N","Lowest HP% enemy","250","","Limit Break Damage Up, Cast Time Down","Adaman Hat (VIII)","バーストスナイプ","20410022","","","✓"
"VIII","Seifer","","Woven Bond: Seifer (Dark)","LBC","","PHY","Single enemy","Physical","8.00","Dark","2.50","Ten single attacks (0.80 each) capped at 19999, activates Dark Chain (max 150, field +0%) or adds 25 to the current Dark Chain maximum limit and increases the current chain count on all enemies by 10, grants [Chain Force Mode: Seifer (Dark)] and [Instant ATB 1] to the user","N","Lowest HP% enemy","250","","Limit Break Damage Up, Cast Time Down","Rune Blade (VIII)","紡絆・サイファー闇","20820025","","","✓"
"VIII","Seifer","","Forbidden Hellfire Strike","LBO","","PHY","Single enemy","Physical","32.00","Dark, Fire","2.50","Four single ranged attacks (1.00 each scaling with LB gauge and LB honing level) capped at 99999, ignores DEF, 100% additional critical chance","N","Lowest HP% enemy","250","","Limit Break Damage Up, Cast Time Down","Cross Claymore (VIII)","禁忌・獄炎剣","20820026","","","✓"
"VIII","Laguna","","Tactical Frost","LBO","","PHY","Single enemy","Physical","40.00","Ice","2.50","Five single ranged attacks (1.00 each scaling with LB gauge and LB honing level) capped at 99999, ignores DEF, 100% additional critical chance","N","Lowest HP% enemy","250","","Limit Break Damage Up, Cast Time Down","Spica (VIII)","タクティカルフリーズ","22100018","10","✓","✓"
"VIII","Laguna","","Woven Bond: Laguna (Ice)","LBC","","PHY","Single enemy","Physical","8.00","Ice, NE","0.01","Ten single ranged attacks (0.80 each) capped at 19999, activates Ice Chain (max 150, field +0%) or adds 25 to the current Ice Chain maximum limit and increases the current chain count on all enemies by 10, grants [Chain Force Mode: Laguna (Ice)] and [Instant ATB 1] to the user","N","Lowest HP% enemy","250","","Limit Break Damage Up, Quick Cast 1","Sadalmeliks (VIII)","紡絆・ラグナ氷","22100024","","✓","✓"
"VIII","Edea","","Frost Flash (Edea)","LBG","","BLK","Single enemy","Magical","7.50","Ice, NE","0.01","One single attack (7.50) capped at 99999, grants [Limit Break Gauge +250] to the user","N","Lowest HP% enemy","0","MAG +10","Ice Damage Up","Thornlet (VIII)","氷閃【イデア】","22200015","","✓","✓"
"VIII","Edea","","Woven Bond: Edea (Ice)","LBC","","BLK","Single enemy","Magical","26.00","Ice, NE","0.01","Ten single attacks (2.60 each) capped at 19999, activates Ice Chain (max 150, field +0%) or adds 25 to the current Ice Chain maximum limit and increases the current chain count on all enemies by 10, grants [Chain Force Mode: Edea (Ice)] and [Instant ATB 1] to the user","N","Self","250","","Limit Break Damage Up, Quick Cast 1","Rune Rod (VIII)","紡絆・イデア氷","22200025","","✓",""
"VIII","Raijin","","Raijin Destruction Special","LBO","","PHY","Single enemy","Physical","32.00","Lightning","2.50","Four single attacks (1.00 each scaling with LB gauge and LB honing level) capped at 99999, ignores DEF, 100% additional critical chance, grants [Dual Blink 1] to all allies","N","Lowest HP% enemy","250","","Limit Break Damage Up, Cast Time Down","Mjollnir (VIII)","秘技「壊・雷神飛竜昇」","22610011","","✓","✓"
"VIII","Raijin","","Woven Bond: Raijin (Lightning)","LBC","","PHY","Single enemy","Physical","8.00","Lightning, NE","0.01","Ten single attacks  (0.80 each) capped at 19999, activates Lightning Chain (max 150, field +0%) or adds 25 to the current Lightning Chain maximum limit, grants [Chain Force Mode: Raijin (Lightning)] and [Instant ATB 1] to the user","N","Lowest HP% enemy","250","","Limit Break Damage Up, Quick Cast 1","Thor's Hammer (VIII)","紡絆・雷神雷","22610022","","","✓"
"VIII","Fujin","","Kakeru","LBO","","BLK","Single enemy","Magical","120.00","Wind","2.50","Five single attacks (3.00 each scaling with LB gauge and LB honing level) capped at 99999, ignores RES","N","Lowest HP% enemy","250","","Limit Break Damage Up, Cast Time Down","Urubutsin (VIII)","翔","22600020","","✓","✓"
"VIII","Fujin","","Woven Bond: Fujin (Wind)","LBC","","BLK","Single enemy","Magical","26.00","Wind","0.01","Ten single attacks (2.60 each) capped at 19999, activates Wind Chain (max 150, field +0%) or adds 25 to the current Wind Chain maximum limit, grants [Chain Force Mode: Fujin (Wind)] and [Instant ATB 1] to the user","N","Lowest HP% enemy","250","","Limit Break Damage Up, Quick Cast 1","Ninurta (VIII)","紡絆・風神風翔","22600022","","","✓"
"VIII","Kiros","","Thirst for Life","LBO","","PHY","Single enemy","Physical","32.00","Ice, Dark","2.50","Four single attacks (1.00 each scaling with LB gauge and LB honing level) capped at 99999, ignores DEF, 100% additional critical chance","N","Lowest HP% enemy","250","","Limit Break Damage Up, Cast Time Down","Shadow Maverick (VIII)","飽くなき人生","22990007","10","✓","✓"
"VIII","Kiros","","Woven Bond: Kiros","LBC","","PHY","Single enemy","Physical","","Dark, Ice, NE","0.01","10 single-target Dark/NE or Ice/NE physical attacks at Cap Break Level 1 under En-Dark or En-Ice, activates VIII Chain (150 or +25), Chain Force Mode & Instant ATB 1 to user
Chain Force Mode: After using Dark/Ice abilities, chases with 6 single-target Dark/Ice/NE physical attacks (max 2 chases)","N","Lowest HP% enemy","250","","","Tit-for-Tat (VIII)","紡絆・キロス","22990025","","",""
"VIII","Ward","","Woven Bond: Ward","LBC","","PHY","Single enemy","Physical","8.00","Water, Ice, Earth, NE","0.01","Ten single attacks  (0.80 each) capped at 19999, activates VIII Chain (max 150, field +0%) or adds 25 to the current VIII Chain maximum limit, grants [Chain Force Mode: Ward] and [Instant ATB 1] to the user","N","Lowest HP% enemy","250","","Limit Break Damage Up, Quick Cast 1","Esthar Guise (VIII)","紡絆・ウォード","23000017","","","✓"
"VIII","Ultimecia","","Wind Raiment (Ultimecia)","LBG","","NAT","All allies","","","","0.01","Grants [Attach Wind]","N","All allies","250","MAG +10","Wind Damage Up","Asura's Rod (VIII)","風装【アルティミシア】","23230016","9","✓","✓"
"VIII","Ultimecia","","Woven Bond: Ultimecia (Wind)","LBC","","BLK","Single enemy","Magical","26.00","Wind, NE","0.01","Ten single attacks (2.60 each) capped at 19999, activates Wind Chain (max 150, field +0%) or adds 25 to the current Wind Chain maximum limit, grants [Chain Force Mode: Ultimecia] and [Instant ATB 1] to the user","N","Lowest HP% enemy","250","","Limit Break Damage Up, Quick Cast 1","Assault (VIII)","紡絆・アルティミシア風","23230026","","","✓"
"IX","Zidane","","Wind Raiment (Zidane)","LBG","","NAT","All allies","","","","0.01","Grants [Attach Wind]","N","All allies","250","ATK +10","Wind Damage Up","Angel Bless (IX)","風装【ジタン】","20860017","8","✓","✓"
"IX","Zidane","","Blast Flag","LBO","","PHY","Single enemy","Physical","40.00","Wind","2.50","Five single attacks (1.00 each scaling with LB gauge and LB honing level) capped at 99999, ignores DEF, 100% additional critical chance","N","Lowest HP% enemy","250","","Limit Break Damage Up, Cast Time Down","Thief Hat (IX)","ブラストフラッグ","20860022","10","✓","✓"
"IX","Zidane","","Woven Bond: Zidane (Wind)","LBC","","PHY","Single enemy","Physical","","Wind, NE","0.01","10 single-target Wind/NE physical attacks at Cap Break Level 1, activates Wind Chain (150 or +25), Chain Force Mode & Instant ATB 1 to user
Chain Force Mode: After using a Wind ability, chases with 16 single-target Wind/NE physical attacks (max 1 chase)","N","Lowest HP% enemy","250","","","Chicken Knife (IX)","紡絆・ジタン風","20860034","","",""
"IX","Zidane","","Woven Bond: Zidane","LBC","","PHY","Single enemy","Physical","8.00","Wind, NE","0.01","Ten single attacks (0.80 each) capped at 19999, activates IX Chain (max 150, field +0%) or adds 25 to the current IX Chain maximum limit, grants [Chain Force Mode: Zidane] and [Instant ATB 1] to the user","N","Lowest HP% enemy","250","","Limit Break Damage Up, Quick Cast 1","Lufenian Dagger (IX)","紡絆・ジタン","20860028","","","✓"
"IX","Garnet","","Truespark Anthem","LBO","","SUM","Single enemy","Magical","96.00","Lightning","2.50","Four single attacks (3.00 each scaling with LB gauge and LB honing level) capped at 99999, ignores RES, grants [HP Stock (3000)] to all allies","N","Lowest HP% enemy","250","","Limit Break Damage Up, Cast Time Down","Crown Scepter (IX)","清廉なる奔雷の歌","20360017","10","✓","✓"
"IX","Garnet","","Judgment Day","LBO","","SUM","Single enemy","Magical","120.00","Holy","2.50","Five single attacks (3.00 each scaling with LB gauge and LB honing level) capped at 99999, ignores RES","N","Lowest HP% enemy","250","","Limit Break Damage Up, Cast Time Down","Effulgent Cape (IX)","裁きの時","20360032","","","✓"
"IX","Garnet","","Woven Bond: Garnet (Lightning)","LBC","","SUM","Single enemy","Magical","26.00","Lightning, NE","0.01","Ten single attacks (2.60 each) capped at 19999, activates Lightning Chain (max 150, field +0%) or adds 25 to the current Lightning Chain maximum limit and increases the current chain count on all enemies by 10, grants [Chain Force Mode: Garnet (Lightning)] and [Instant ATB 1] to the user","N","Lowest HP% enemy","250","","Limit Break Damage Up, Quick Cast 1","Rainbow Robe (IX)","紡絆・ガーネット雷","20360038","","","✓"
"IX","Vivi","","Elemental Ball","LBO","","BLK","Single enemy","Magical","96.00","Fire, Ice, Lightning","2.50","Four single attacks (3.00 each scaling with LB gauge and LB honing level) capped at 99999, ignores RES","N","Lowest HP% enemy","250","","Limit Break Damage Up, Cast Time Down","El Dorado (IX)","エレメントボール","20370017","10","✓","✓"
"IX","Vivi","","Woven Bond: Vivi (Fire)","LBC","","BLK","Single enemy","Magical","26.00","Fire, NE","0.01","Ten single attacks (2.60 each) capped at 19999, activates Fire Chain (max 150, field +0%) or adds 25 to the current Fire Chain maximum limit, grants [Chain Force Mode: Vivi (Fire)] and [Instant ATB 1] to the user","N","Lowest HP% enemy","250","","Limit Break Damage Up, Quick Cast 1","Flamescepter (IX)","紡絆・ビビ炎","20370037","","✓","✓"
"IX","Steiner","","Frostfire Thunder Carnage","LBO","","PHY","Single enemy","Physical","32.00","Fire, Lightning, Ice","2.50","Four single attacks (1.00 each scaling with LB gauge and LB honing level) capped at 99999, ignores DEF, 100% additional critical chance","N","Lowest HP% enemy","250","","Limit Break Damage Up, Cast Time Down","Maximillian (IX)","極大・氷炎雷鳴剣","20570016","10","✓","✓"
"IX","Steiner","","Woven Bond: Steiner","LBC","","PHY","Single enemy","Physical","8.00","Fire, NE","0.01","Ten single attacks (0.80 each) capped at 19999, element of entry damage changes to Ice/NE or Lightning/NE if the user has any Attach Ice or Attach Lightning, activates IX Chain (max 150, field +0%) or adds 25 to the current IX Chain maximum limit, grants [Chain Force Mode: Steiner] and [Instant ATB 1] to the user","N","Lowest HP% enemy","250","","Limit Break Damage Up, Quick Cast 1","Night Lotus (IX)","紡絆・スタイナー","20570026","","","✓"
"IX","Steiner","","Woven Bond: Steiner (Fated)","LBC","","PHY","Single enemy","Physical","8.00","Fire, Lightning, Ice","0.01","Ten single attacks (0.80 each) capped at 19999, element of entry damage changes to Ice/NE or Lightning/NE if the user has any Attach Ice or Attach Lightning, activates Spellblade Chain (max 150, field +0%) or adds 25 to the current Spellblade Chain maximum limit, grants [Chain Force Mode: Steiner (Spellblade)] and [Instant ATB 1] to the user","N","Lowest HP% enemy","250","","Limit Break Damage Up, Quick Cast 1","Shamshir (IX)","紡絆・スタイナー天命","20570031","","","✓"
"IX","Freya","","Woven Bond: Freya","LBC","","PHY","Single enemy","Physical","","Wind, NE","0.01","Ten single jump attacks (? each) capped at 19999, activates IX Chain (max 150, field +0%) or adds 25 to the current IX Chain maximum limit, grants [Chain Force Mode (Freya)] and [Instant ATB 1] to the user","N","Lowest HP% enemy","250","","","Gae Bolg (IX)","紡絆・フライヤ","22110024","","",""
"IX","Eiko","","Guardian Madeen","LBGS","","NAT","Self","","","","0.01","Summons Madeen for 5 seconds, grants [Protect], [Shell], [Haste], [Instant ATB 1], [DEF and RES +200% (25s)], [Attach Wind 3 with Stacking] and [Damage Cap +20000] to Madeen","N","Self","250","","Guardian Summon Damage Up, Damage Reduction Barrier","Summoner's Flute (IX)","Gマディーン","20620022","","✓","✓"
"IX","Amarant","","Bond Flash (Amarant)","LBG","","NAT","All allies","","","","0.01","Grants [Quick Cast 2], grants [ATK, DEF, MAG and RES +30% (25s)] if 4+ FF9 allies are alive","N","All allies","0","ATK +10","Prismatic Damage Up","Power Wrist (IX)","絆閃【サラマンダー】","20870016","","✓","✓"
"IX","Amarant","","Woven Bond: Amarant (Fire)","LBC","","PHY","Single enemy","Physical","8.00","Fire, NE","0.01","Ten single attacks (0.80 each) capped at 19999, activates Fire Chain (max 150, field +0%) or adds 25 to the current Fire Chain maximum limit, grants [Chain Force Mode: Amarant (Fire)] and [Instant ATB 1] to the user","N","Lowest HP% enemy","250","","Limit Break Damage Up, Quick Cast 1","Flame Claws (IX)","紡絆・サラマンダー炎","20870017","","","✓"
"IX","Amarant","","Red-hot Knuckle Blow","LBO","","PHY","Single enemy","Physical","40.00","Fire","2.50","Five single attacks (1.00 each scaling with LB gauge and LB honing level) capped at 99999, ignores DEF, 100% additional critical chance","N","Lowest HP% enemy","250","","Limit Break Damage Up, Cast Time Down","Burning Knuckles (IX)","爆砕焔滅拳","20870021","","","✓"
"IX","Amarant","","Woven Bond: Amarant","LBC","","PHY","Single enemy","Physical","8.00","Fire, NE","0.01","Ten single attacks (0.80 each) capped at 19999, activates IX Chain (max 150, field +0%) or adds 25 to the current IX Chain maximum limit, grants [Chain Force Mode: Amarant] and [Instant ATB 1] to the user","N","Lowest HP% enemy","250","","Limit Break Damage Up, Quick Cast 1","Brave Suit (IX)","紡絆・サラマンダー","20870023","","","✓"
"IX","Beatrix","","Woven Bond: Beatrix (Holy)","LBC","","PHY","Single enemy","Physical","8.00","Holy, NE","0.01","Ten single attacks (0.80 each) capped at 19999, activates Holy Chain (max 150, field +0%) or adds 25 to the current Holy Chain maximum limit, grants [Instant ATB 1] and [Chain Force Mode: Beatrix (Holy)] to the user","N","Lowest HP% enemy","250","","Limit Break Damage Up, Quick Cast 1","Ambitious (IX)"," 紡絆・ベアトリクス聖","22050025","","","✓"
"IX","Kuja","","Force Requiem","LBO","","BLK","Single enemy","Magical","120.00","Dark","2.50","Five single attacks (3.00 each scaling with LB gauge and LB honing level) capped at 99999, ignores RES","N","Lowest HP% enemy","250","","Limit Break Damage Up, Cast Time Down","Rod of Death (IX)","フォースレクイエム","22240021","","✓","✓"
"IX","Kuja","","Woven Bond: Kuja (Dark)","LBC","","BLK","Single enemy","Magical","26.00","Dark, NE","0.01","Ten single attacks (2.60 each) capped at 19999, activates Dark Chain (max 150, field +0%) or adds 25 to the current Dark Chain maximum limit, grants [Chain Force Mode: Kuja (Dark)] and [Instant ATB 1] to the user","N","Lowest HP% enemy","250","","Limit Break Damage Up, Quick Cast 1","Bone Plate (IX)","紡絆・クジャ闇","22240024","","✓","✓"
"IX","Marcus","","Turbulent Venom","LBO","","PHY","Single enemy","Physical","40.00","Wind, Poison","3.75","Five single attacks (1.00 each scaling with LB gauge and LB honing level) capped at 99999, ignores DEF, 100% additional critical chance","N","Lowest HP% enemy","250","","Limit Break Damage Up, Cast Time Down","Phase Cutter (IX)","ベノムタービランス","23070012","","✓","✓"
"IX","Marcus","","Spiraling Flash (Marcus)","LBG","","NAT","Single enemy","","","","0.01","Causes [Imperil Wind 40% (5s)] and [Imperil Poison 40% (5s)], grants [Quick Cast 2] to all allies","N","Lowest HP% enemy","0","ATK +10","Wind Damage Up, Poison Damage Up","Gigas Armlet (IX)","降閃【マーカス】","23070013","","✓","✓"
"IX","Marcus","","Woven Bond: Marcus (Poison)","LBC","","PHY","Single enemy","Physical","8.00","Poison, NE","0.01","Ten single attacks (0.80 each) capped at 19999, activates Poison Chain (max 150, field +0%) or adds 25 to the current Poison Chain maximum limit, grants [Chain Force Mode: Marcus (Poison)] and [Instant ATB 1] to the user","N","Lowest HP% enemy","250","","Limit Break Damage Up, Quick Cast 1","Marcus' Diamond Bangle (IX)","紡絆・マーカス毒","23070018","","","✓"
"X","Tidus","","Water Raiment (Tidus)","LBG","","NAT","All allies","","","","0.01","Grants [Attach Water]","N","All allies","250","ATK +10","Water Damage Up","Defending Shield (X)","水装【ティーダ】","20130022","8","✓","✓"
"X","Tidus","","Heavy Rain","LBO","","PHY","Single enemy","Physical","32.00","Water","2.50","Four single ranged attacks (1.00 each scaling with LB gauge and LB honing level) capped at 99999, ignores DEF, 100% additional critical chance, grants [100% Critical 1] and [Instant Cast 1] to the user","N","Lowest HP% enemy","250","","Limit Break Damage Up, Cast Time Down","Fayth Sphere (X)","ヘヴィレイン","20130023","10","✓","✓"
"X","Tidus","","Woven Bond: Tidus (Water)","LBC","","PHY","Single enemy","Physical","8.00","Water, NE","0.01","Ten single ranged attacks (0.80 each) capped at 19999, activates Water Chain (max 150, field +0%) or adds 25 to the current Water Chain maximum limit, grants [Chain Force Mode: Tidus (Water)] and [Instant ATB 1] to the user","N","Lowest HP% enemy","250","","Limit Break Damage Up, Quick Cast 1","Hauteclaire (X)","紡絆・ティーダ水","20130032","","","✓"
"X","Tidus","","Woven Bond: Tidus","LBC","","PHY","Single enemy","Physical","8.00","Water, NE","0.01","Ten single ranged attacks (0.80 each) capped at 19999, activates X Chain (max 150, field +0%) or adds 25 to the current X Chain maximum limit, grants [Chain Force Mode: Tidus] and [Instant ATB 1] to the user","N","Lowest HP% enemy","250","","Limit Break Damage Up, Quick Cast 1","Tidus's Gloves (X)","紡絆・ティーダ","20130037","","","✓"
"X","Yuna","","Guardian Valefor","LBGS","","NAT","Self","","","","0.01","Summons Valefor for 5 seconds, grants [Protect], [Shell], [Haste], [Instant ATB 1], [DEF and RES +200% (25s)], [Attach Holy 3 with Stacking] and [Damage Cap +20000] to Valefor","N","Self","250","","Guardian Summon Damage Up, Damage Reduction Barrier","Prism Rod (X)","Gヴァルファーレ","20520024","","✓","✓"
"X","Yuna","","Blast Ray","LBO","","SUM","Single enemy","Magical","96.00","Holy, Wind","2.50","Four single attacks (3.00 each scaling with LB gauge and LB honing level) capped at 99999, ignores RES, grants [HP Stock (3000)] to all allies","N","Lowest HP% enemy","250","","Limit Break Damage Up, Cast Time Down","Rod of Faith (X)","ブラスト・レイ","20520030","","✓","✓"
"X","Yuna","","Woven Bond: Yuna (Holy)","LBC","","SUM","Single enemy","Magical","26.00","Holy, NE","0.01","Ten single attacks (2.60 each) capped at 19999, activates Holy Chain (max 150, field +0%) or adds 25 to the current Holy Chain maximum limit, grants [Chain Force Mode: Yuna] and [Instant ATB 1] to the user","N","Lowest HP% enemy","250","","Limit Break Damage Up, Quick Cast 1","Diamond Tiara (X)","紡絆・ユウナ聖","20520035","","","✓"
"X","Yuna","","Woven Bond: Yuna","LBC","","SUM","Single enemy","Magical","","Holy, NE","0.01","10 single-target Holy/NE summon magic attacks at Cap Break Level 1, activates X Chain (150 or +25) & +10 Chain Count to all targets, Chain Force Mode & Instant ATB 1 to user
Chain Force Mode: After using White Magic/Summoning abilities, grants Quick Cast 1 to party (max 2 chases)","N","Lowest HP% enemy","250","","","Nirvana (X)","紡絆・ユウナ","20520042","","",""
"X","Wakka","","Water Flash (Wakka)","LBG","","PHY","Single enemy","Physical","3.36","Water, NE","0.01","One single attack (3.36) capped at 99999, grants [Limit Break Gauge +250] to the user","N","Lowest HP% enemy","250","ATK +10","Water Damage Up","Blind Pass (X)","水閃【ワッカ】","20150014","","✓","✓"
"X","Wakka","","Blitz Off","LBO","","PHY","Single enemy","Physical","40.00","Water","2.50","Five single ranged attacks (1.00 each scaling with LB gauge and LB honing level) capped at 99999, ignores DEF, 100% additional critical chance","N","Lowest HP% enemy","250","","Limit Break Damage Up, Cast Time Down","Breakaway (X)","ブリッツオフ","20150019","","✓","✓"
"X","Wakka","","Spiraling Flash (Wakka)","LBG","","NAT","Single enemy","","","","0.01","Causes [Imperil Water 40% (5s)], grants [Quick Cast 2] to all allies","N","Lowest HP% enemy","0","ATK +10","Water Damage Up","Power Play (X)","降閃【ワッカ】","20150020","","✓","✓"
"X","Wakka","","Woven Bond: Wakka (Water)","LBC","","PHY","Single enemy","Physical","8.00","Water, NE","0.01","Ten single ranged attacks (0.80 each) capped at 19999, activates Water Chain (max 150, field +0%) or adds 25 to the current Water Chain maximum limit and increases the current chain count on all enemies by 10, grants [Chain Force Mode: Wakka] and [Instant ATB 1] to the user","N","Lowest HP% enemy","250","","Limit Break Damage Up, Quick Cast 1","Double Penalty (X)","紡絆・ワッカ水","20150023","","","✓"
"X","Wakka","","Woven Bond: Wakka","LBC","","PHY","Single enemy","Physical","","Water, NE","0.01","Ten single ranged attacks (? each) capped at 19999, activates X Chain (max 150, field +0%) or adds 25 to the current X Chain maximum limit and increases the current chain count on all enemies by 10, grants [Chain Force Mode: Wakka] and [Instant ATB 1]","N","Lowest HP% enemy","250","","","Imperial Guard (X)","紡絆・ワッカ","20150029","","",""
"X","Lulu","","Tri-Energy","LBO","","BLK","Single enemy","Magical","96.00","Ice, Water, Lightning","2.50","Four single attacks (3.00 each scaling with LB gauge and LB honing level) capped at 99999, ignores RES","N","Lowest HP% enemy","250","","Limit Break Damage Up, Cast Time Down","Tonberry Doll (X)","トライエナジー","20880022","","✓","✓"
"X","Lulu","","Woven Bond: Lulu (Ice)","LBC","","BLK","Single enemy","Magical","","Ice, NE","0.01","10 single-target Ice/NE magic attacks at Cap Break Level 1, activates Ice Chain (150 or +25), Chain Force Mode & Instant ATB 1 to user
Chain Force Mode: After using Ice abilities, chases with 6 single-target Ice/NE magic attacks (max 2 chases)","N","Lowest HP% enemy","250","","","Draupnir (X)","紡絆・ルールー氷","20880031","","",""
"X","Kimahri","","Woven Bond: Kimahri (Water)","LBC","","PHY","Single enemy","Physical","","Water, NE","0.01","10 single-target Water/NE jump attacks at Cap Break Level 1, activates Water Chain (150 or +25), Chain Force Mode & Instant ATB 1 to user
Chain Force Mode: At Chain Count 50 & 100, chases with single-target Water/NE Overflow jump attack, multiplier increases with each chase, Quick Water 2 to user","N","Lowest HP% enemy","250","","","Metal Armlet (X)","紡絆・キマリ水","24490028","","",""
"X","Rikku","","Mix Bubble Bomb","LBO","","PHY","Single enemy","Physical","32.00","Water","2.50","Four single attacks (1.00 each scaling with LB gauge and LB honing level) capped at 99999, ignores DEF, 100% additional critical chance, grants [50% Damage Reduction Barrier 2] to all allies","N","Lowest HP% enemy","250","","Limit Break Damage Up, Cast Time Down","Rikku's Lady Luck Gloves (X)","調合バブルボム","20970026","","✓","✓"
"X","Rikku","","Woven Bond: Rikku (Water)","LBC","","PHY","Single enemy","Physical","8.00","Water, NE","0.01","Ten single attacks (2.60 each) capped at 19999, activates Water Chain (max 150, field +0%) or adds 25 to the current Water Chain maximum limit, grants [Chain Force Mode: Rikku (Water)] and [Instant ATB 1] to the user","N","Lowest HP% enemy","250","","Limit Break Damage Up, Quick Cast 1","Iron Fist (X)","紡絆・リュック水","20970031","","","✓"
"X","Auron","","Secret Dragon Fang","LBO","","PHY","Single enemy","Physical","40.00","Fire","2.50","Five single attacks (1.00 each scaling with LB gauge and LB honing level) capped at 99999, ignores DEF, 100% additional critical chance","N","Lowest HP% enemy","250","","Limit Break Damage Up, Cast Time Down","Ichimonji (X)","秘伝・牙龍","20690024","","✓","✓"
"X","Auron","","Woven Bond: Auron (Fire)","LBC","","PHY","Single enemy","Physical","8.00","Fire, NE","0.01","Ten single attacks (0.80 each) capped at 19999, activates Fire Chain (max 150, field +0%) or adds 25 to the current Fire Chain maximum limit, grants [Chain Force Mode: Auron] and [Instant ATB 1] to the user","N","Lowest HP% enemy","250","","Limit Break Damage Up, Quick Cast 1","Crimson Cherry (X)","紡絆・アーロン炎","20690028","","","✓"
"X","Jecht","","Ultimate Jecht Beam","LBO","","PHY","Single enemy","Physical","32.00","Dark, Fire","2.50","Four single ranged attacks (1.00 each scaling with LB gauge and LB honing level) capped at 99999, ignores DEF, 100% additional critical chance","N","Lowest HP% enemy","250","","Limit Break Damage Up, Cast Time Down","Aeon Ball (X)","真・ジェクトビーム","22090017","10","✓","✓"
"X","Jecht","","Woven Bond: Jecht","LBC","","PHY","Single enemy","Physical","8.00","Dark, NE","0.01","Ten single ranged attacks (0.80 each) capped at 19999, element of entry damage changes from Dark/NE to Fire/NE if the user has any Attach Fire, activates X Chain (max 150, field +0%) or adds 25 to the current X Chain maximum limit, grants [Chain Force Mode: Jecht] and [Instant ATB 1] to the user","N","Lowest HP% enemy","250","","Limit Break Damage Up, Quick Cast 1","Hell Claw (X)","紡絆・ジェクト","22090024","","","✓"
"X","Braska","","Woven Bond: Braska (Fire)","LBC","","SUM","Single enemy","Magical","","Fire, NE","0.01","10 single-target Fire/NE summon magic attacks at Cap Break Level 1, activates Fire Chain (150 or +25), Chain Force Mode & Instant ATB 1 to user
Chain Force Mode: After using Fire abilities, chases with 6 single-target Fire/NE summon magic attacks (max 2 chases)","N","Lowest HP% enemy","250","","","Magical Mace (X)","紡絆・ブラスカ炎","22270030","","",""
"X","Paine","","Practiced Blade","LBO","","PHY","Single enemy","Physical","40.00","Water","2.50","Five single attacks (1.00 each scaling with LB gauge and LB honing level) capped at 99999, ignores DEF, 100% additional critical chance","N","Lowest HP% enemy","250","","Limit Break Damage Up, Cast Time Down","Silvance (X)","斬騎の刃","22420022","","✓","✓"
"X","Paine","","Woven Bond: Paine (Water)","LBC","","PHY","Single enemy","Physical","","Water, NE","0.01","10 single-target Water/NE physical attacks at Cap Break Level 1, activates Water Chain (150 or +25), Chain Force Mode & Instant ATB 1 to user
Chain Force Mode: At Chain Count 50 & 100, chases with single-target Water/NE Overflow physical attack, multiplier increases with each chase, Quick Water 2 to user","N","Lowest HP% enemy","250","","","Duel Rapier (X)","紡絆・パイン水","22420029","","",""
"X","Seymour","","Woven Bond: Seymour (Dark)","LBC","","SUM","Single enemy","Magical","","Dark","0.01","Ten single attacks (? each) capped at 19999, activates Dark Chain (max 150, field +0%) or adds 25 to the current Dark Chain maximum limit and increases the current chain count on all enemies by 10, grants [Chain Force Mode: Seymour (Dark)] and [Instant ATB1 1] to the user","N","Lowest HP% enemy","250","","","Punisher (X)","紡絆・シーモア闇","22540022","","",""
"X","Seymour","","Woven Bond: Seymour (Fated)","LBC","","SUM","Single enemy","Magical","","Dark, NE","0.01","10 single-target Dark/NE summon magic attacks at Cap Break Level 1, activates Summoner Chain (150 or +25), Chain Force Mode & Instant ATB 1 to user
Chain Force Mode: At Chain Count 50 & 100, chases with single-target Dark/NE Overflow summon magic attack, multiplier increases with each chase, Quick Dark 2 to user","N","Lowest HP% enemy","250","","","Oak Staff (X)","紡絆・シーモア天命","22540027","","",""
"XI","Shantotto","","Ancient Magic Burst II","LBO","","BLK","Single enemy","Magical","120.00","Lightning","2.50","Five single attacks (3.00 each scaling with LB gauge and LB honing level) capped at 99999, ignores RES","N","Lowest HP% enemy","250","","Limit Break Damage Up, Cast Time Down","Ramuh's Staff (XI)","古代魔法・バーストII","22360010","10","✓","✓"
"XI","Shantotto","","Guardian Colossal Shantotto","LBGS","","NAT","Self","","","","0.01","Summons Colossal Shantotto for 5 seconds, grants [Protect], [Shell], [Haste], [Instant ATB 1], [DEF and RES +200% (25s)], [Attach Lightning 3 with Stacking], [Damage Cap +20000] and [Last Stand] to Colossal Shantotto","N","Self","250","","Guardian Summon Damage Up, Damage Reduction Barrier","White Joker (XI)","GC・シャントット","22360019","","✓","✓"
"XI","Shantotto","","Woven Bond: Shantotto (Lightning)","LBC","","BLK","Single enemy","Magical","26.00","Lightning, NE","0.01","Ten single attacks (2.60 each) capped at 19999, activates Lightning Chain (max 150, field +0%) or adds 25 to the current Lightning Chain maximum limit, grants [Chain Force Mode: Shantotto (Lightning)] and [Instant ATB 1] to the user","N","Lowest HP% enemy","250","","Limit Break Damage Up, Quick Cast 1","Wise Wizard's Staff (XI)","紡絆・シャントット雷","22360023","","","✓"
"XI","Curilla","","Atonement","LBO","","PHY","Single enemy","Physical","40.00","Holy","2.50","Five single attacks (1.00 each scaling with LB gauge and LB honing level) capped at 99999, ignores DEF, 100% additional critical chance","N","Lowest HP% enemy","250","","Limit Break Damage Up, Cast Time Down","Burtgang (XI)","ロイエ","22470017","","","✓"
"XI","Curilla","","Woven Bond: Curilla","LBC","","PHY","Single enemy","Physical","8.00","Holy, NE","0.01","Ten single attacks (0.80 each) capped at 19999, activates XI Chain (max 150, field +0%) or adds 25 to the current XI Chain maximum limit, grants [Chain Force Mode (Curilla)] and [Instant ATB 1] to the user","N","Lowest HP% enemy","250","","Limit Break Damage Up, Quick Cast 1","Enhancer (XII)","紡絆・クリルラ","22470021","","","✓"
"XI","Prishe","","Chi Blast","LBO","","PHY","Single enemy","Physical","32.00","Lightning, Ice","2.50","Four single attacks (1.00 each scaling with LB gauge and LB honing level) capped at 99999, ignores DEF, 100% additional critical chance","N","Lowest HP% enemy","250","","Limit Break Damage Up, Cast Time Down","Gnole Sainti (XI)","気孔弾","22680014","","✓","✓"
"XI","Prishe","","Woven Bond: Prishe","LBC","","PHY","Single enemy","Physical","8.00","Lightning, NE","0.01","Ten single attacks (0.80 each) capped at 19999, element of entry damage changes from Lightning/NE to Ice/NE if the user has any Attach Ice, activates XI Chain (max 150, field +0%) or adds 25 to the current XI Chain maximum limit, grants [Chain Force Mode: Prishe] and [Instant ATB 1] to the user","N","Lowest HP% enemy","250","","Limit Break Damage Up, Quick Cast 1","Healing Jstcorps (XI)","紡絆・プリッシュ","22680017","","","✓"
"XI","Lion","","Woven Bond: Lion","LBC","","PHY","Single enemy","Physical","","Water, NE","0.01","Ten single attacks (? each) capped at 19999, activates Water Chain (max 150, field +0%) or adds 25 to the current Water Chain maximum limit, grants [Chain Force Mode (Lion)] and [Instant ATB1] to the user","N","Lowest HP% enemy","250","","Limit Break Damage Up, Quick Cast 1","War Aketon (XI)","紡絆・ライオン水","22690020","","",""
"XI","Lion","","Woven Bond: Lion (Fated)","LBC","","PHY","Single enemy","Physical","","Water, NE","0.01","10 single-target Water/NE physical attacks at Cap Break Level 1, activates Thief Chain (150 or +25), Chain Force Mode & Instant ATB 1 to user
Chain Force Mode: After using Water abilities, chases with 6 single-target Water/NE physical attacks (max 2 chases)","N","Lowest HP% enemy","250","","","Byakko's Haidate (XI)","紡絆・ライオン天命","22690028","","",""
"XI","Aphmau","","Woven Bond: Aphmau","LBC","","WHT","Single enemy","Magical","","Holy, NE","0.01","10 single-target Holy/NE white magic attacks at Cap Break Level 1, activates XI Chain (150 or +25) & +10 Chain Count to all targets, Chain Force Mode & Instant ATB 1 to user
Chain Force Mode: After using a White Magic/Monk ability, grants Instant Cast 1 to party (max 1 chase)","N","Lowest HP% enemy","250","","","Kerykeion (XI)","紡絆・アフマウ","22880014","","",""
"XI","Zeid","","Ground Strike","LBO","","PHY","Single enemy","Physical","40.00","Dark","2.50","Five single attacks (1.00 each scaling with LB gauge and LB honing level) capped at 99999, ignores DEF, 100% additional critical chance","N","Lowest HP% enemy","250","","Limit Break Damage Up, Cast Time Down","Martial Sword (XI)","グラウンドストライク","22890009","10","✓","✓"
"XI","Zeid","","Woven Bond: Zeid (Dark)","LBC","","PHY","Single enemy","Physical","8.00","Dark, NE","0.01","Ten single attacks (0.80 each) capped at 19999, activates Dark Chain (max 150, field +0%) or adds 25 to the current Dark Chain maximum limit, grants [Chain Force Mode: Zeid] and [Instant ATB 1] to the user","N","Lowest HP% enemy","250","","Limit Break Damage Up, Quick Cast 1","Greatsword (XI)","紡絆・ザイド闇","22890015","","","✓"
"XI","Lilisette","","Guardian Lady Lilith","LBGS","","NAT","Self","","","","0.01","Summons Lady Lilith for 5 seconds, grants [Protect], [Shell], [Haste], [Instant ATB 1], [DEF and RES +200% (25s)], [Attach Lightning 3 with Stacking], [Damage Cap +20000], [Overflow Radiant Shield: 700%] and [Last Stand] to Lady Lilith","N","Self","250","","Guardian Summon Damage Up, Damage Reduction Barrier","Dancer's Tights (XI)","Gレディ・リリス","23350006","","✓","✓"
"XI","Arciela","","Guardian Darrcuiln","LBGS","","NAT","Self","","","","0.01","Summons Darrcuiln for 5 seconds, grants [Protect], [Shell], [Haste], [Instant ATB 1], [DEF and RES +200% (25s)], [Quad Element Mode (Ice, Lightning, Wind, Water)], [Damage Cap +20000], [Last Stand], [Buff Ice 60% (15s)], [Buff Lightning 60% (15s)], [Buff Water 60% (15s)] and [Buff Wind 60% (15s)] to Darrcuiln","N","Self","250","","Guardian Summon Damage Up, Damage Reduction Barrier","Witching Robe (XI)","Gダラクァルン","23540004","","","✓"
"XII","Vaan","","Swift Superstar","LBO","","PHY","Single enemy","Physical","40.00","Wind","2.50","Five single attacks (1.00 each scaling with LB gauge and LB honing level) capped at 99999, ignores DEF, 100% additional critical chance","N","Lowest HP% enemy","250","","Limit Break Damage Up, Cast Time Down","Lust Dagger (XII)","スピードスーパースター","20700018","10","✓","✓"
"XII","Vaan","","Woven Bond: Vaan (Wind)","LBC","","PHY","Single enemy","Physical","8.00","Wind, NE","0.01","Ten single attacks (0.80 each) capped at 19999, activates Wind Chain (max 150, field +0%) or adds 25 to the current Wind Chain maximum limit, grants [Chain Force Mode: Vaan] and [Instant ATB 1] to the user","N","Lowest HP% enemy","250","","Limit Break Damage Up, Quick Cast 1","Enhancer (XII)","紡絆・ヴァン風","20700031","","","✓"
"XII","Vaan","","Woven Bond: Vaan","LBC","","PHY","Single enemy","Physical","","Wind, NE","0.01","10 single physical attacks (0.80 each) capped at 19999, activates XII Chain (max 150, field +0%) or adds 25 to the current XII Chain maximum limit, grants [Instant ATB 1] and Chain Force Mode to the user
Chain Force Mode: After using Thief abilities, chases with 6 single-target Wind/NE physical attacks (0.32 each)","N","Lowest HP% enemy","250","","","Man-Eater (XII)","紡絆・ヴァン","20700038","","",""
"XII","Balthier","","True Fires of War","LBO","","PHY","Single enemy","Physical","24.00","Fire","2.50","Five single ranged attacks (0.60 each scaling with LB gauge and LB honing level) capped at 99999, ignores DEF, 100% additional critical chance","N","Lowest HP% enemy","250","","Limit Break Damage Up, Cast Time Down","Procyon (XII)","真・略奪のコンパス","20440024","","✓","✓"
"XII","Balthier","","Woven Bond: Balthier (Fire)","LBC","","PHY","Single enemy","Physical","8.00","Fire, NE","0.01","Ten single ranged attacks (0.80 each) capped at 19999, activates Fire Chain (max 150, field +0%) or adds 25 to the current Fire Chain maximum limit, grants [Chain Force Mode: Balthier] and [Instant ATB 1] to the user","N","Lowest HP% enemy","250","","Limit Break Damage Up, Quick Cast 1","Brave Suit (XII)","紡絆・バルフレア炎","20440027","","","✓"
"XII","Fran","","Dual Mist","LBO","","PHY","Single enemy","Physical","32.00","Ice, Lightning","2.50","Four single ranged attacks (1.00 each scaling with LB gauge and LB honing level) capped at 99999, ignores DEF, 100% additional critical chance","N","Lowest HP% enemy","250","","Limit Break Damage Up, Cast Time Down","Gastrophetes (XII)","デュアルミスト","20390018","10","✓","✓"
"XII","Fran","","Woven Bond: Fran (Ice)","LBC","","PHY","Single enemy","Physical","8.00","Ice, NE","0.01","Ten single ranged attacks (0.80 each) capped at 19999, activates Ice Chain (max 150, field +0%) or adds 25 to the current Ice Chain maximum limit, grants [Chain Force Mode: Fran (Ice)] and [Instant ATB 1] to the user","N","Lowest HP% enemy","250","","Limit Break Damage Up, Quick Cast 1","Battle Suit (XII)","紡絆・フラン氷","20390032","","","✓"
"XII","Basch","","Captain's Oathblade","LBO","","PHY","Single enemy","Physical","32.00","Holy, Fire","2.50","Four single attacks (1.00 each scaling with LB gauge and LB honing level) capped at 99999, ignores DEF, 100% additional critical chance","N","Lowest HP% enemy","250","","Limit Break Damage Up, Cast Time Down","Galatyn (XII)","勇将の誓剣","22180018","10","✓","✓"
"XII","Basch","","Woven Bond: Basch (Holy)","LBC","","PHY","Single enemy","Physical","8.00","Holy, NE","0.01","Ten single attacks (0.80 each) capped at 19999, activates Holy Chain (max 150, field +0%) or adds 25 to the current Holy Chain maximum limit and increases the current chain count on all enemies by 10, grants [Chain Force Mode: Basch] and [Instant ATB 1] to the user","N","Lowest HP% enemy","250","","Limit Break Damage Up, Quick Cast 1","Maximillian (XII)","紡絆・バッシュ聖","22180027","","","✓"
"XII","Ashe","","Thunder Flash (Ashe)","LBG","","BLK","Single enemy","Magical","7.50","Lightning, NE","0.01","One single attack (7.50) capped at 99999, grants [Limit Break Gauge +250] to the user","N","Lowest HP% enemy","0","","Lightning Damage Up","Crown of Laurels (XII)","雷閃【アーシェ】","20710019","","✓","✓"
"XII","Ashe","","Northswain Bolt","LBO","","BLK","Single enemy","Magical","120.00","Lightning","2.50","Five single attacks (3.00 each scaling with LB gauge and LB honing level) capped at 99999, ignores RES","N","Lowest HP% enemy","250","","Limit Break Damage Up, Cast Time Down","Queen's Veil (XII)","天砕北斗稲妻斬","20710022","","✓","✓"
"XII","Ashe","","Woven Bond: Ashe (Lightning)","LBC","","BLK","Single enemy","Magical","26.00","Lightning","0.01","Ten single attacks (2.60 each) capped at 19999, activates Lightning Chain (max 150, field +0%) or adds 25 to the current Lightning Chain maximum limit, grants [Chain Force Mode: Ashe] and [Instant ATB 1] to the user","N","Lowest HP% enemy","250","","Limit Break Damage Up, Quick Cast 1","Vigilante (XII)","紡絆・アーシェ雷","20710025","","","✓"
"XII","Penelo","","Woven Bond: Penelo","LBC","","WHT","Single enemy","Magical","","Holy, NE","0.01","Ten single attacks (? each) capped at 19999, activates XII Chain (max 150, field +0%) or adds 25 to the current XII Chain maximum limit, and increases the current chain count on all enemies by 10, grants [Chain Force Mode (Penelo)] and [Instant ATB 1] to the user","N","Lowest HP% enemy","250","","","Cleric's Robes (XII)","紡絆・パンネロ","22060017","","",""
"XII","Gabranth","","Dual Rend","LBO","","PHY","Single enemy","Physical","40.00","Dark","2.50","Five single attacks (1.00 each scaling with LB gauge and LB honing level) capped at 99999, ignores DEF, 100% additional critical chance","N","Lowest HP% enemy","250","","Limit Break Damage Up, Cast Time Down","Twilight (XII)","二刀連斬","22370016","10","✓","✓"
"XII","Gabranth","","Woven Bond: Gabranth (Dark)","LBC","","PHY","Single enemy","Physical","","Dark, NE","0.01","10 single-target Dark/NE physical attacks at Cap Break Level 1, activates Dark Chain (150 or +25), Chain Force Mode & Instant ATB 1 to user
Chain Force Mode: At Chain Count 50 & 100, chases with single-target Dark/NE Overflow physical attack, multiplier increases with each chase, Quick Dark 2 to user","N","Lowest HP% enemy","250","","","Force Shield (XII)","紡絆・ガブラス闇","22370030","","",""
"XII","Vayne","","Contempt","LBO","","NAT","Single enemy","Hybrid","","Dark","2.50","Four single ranged hybrid attacks (1.00 or 3.00 each scaling with LB gauge and LB honing level) capped at 99999, ignores DEF, ignores RES, 100% additional critical chance","N","Lowest HP% enemy","250","","Limit Break Damage Up, Cast Time Down","Enigma (XII)","断罪","22620011","10","✓","✓"
"XII","Reks","","Woven Bond: Reks","LBC","","PHY","Single enemy","Physical","","Lightning, NE","0.01","Ten single attacks (? each) capped at 19999, activates XII Chain (max 150, field +0%) or adds 25 to the current XII Chain maximum limit, grants [Chain Force Mode: Reks] and [Instant Cast 1] to the user","N","Lowest HP% enemy","250","","","Astral Sword (XII)","紡絆・レックス","22770018","","",""
"XIII","Lightning","","Artemis's Arrows","LBO","","PHY","Single enemy","Physical","40.00","Lightning","2.50","Five single ranged attacks (1.00 each scaling with LB gauge and LB honing level) capped at 99999, ignores DEF, 100% additional critical chance","N","Lowest HP% enemy","250","","Limit Break Damage Up, Cast Time Down","Helter-Skelter (XIII)","アルテミスピアス","20600026","10","✓","✓"
"XIII","Lightning","","Guardian Odin","LBGS","","NAT","Self","","","","0.01","Summons Odin for 5 seconds, grants [Protect], [Shell], [Haste], [Instant ATB 1], [DEF and RES +200% (25s)], [Attach Lightning 3 with Stacking], [Damage Cap +20000] and [Last Stand] to Odin","N","Self","250","","Guardian Summon Damage Up, Damage Reduction Barrier","Velvet Bouncer (XIII)","Gオーディン","20600034","","✓","✓"
"XIII","Lightning","","Woven Bond: Lightning","LBC","","PHY","Single enemy","Physical","8.00","Lightning, NE","0.01","Ten single attacks (0.80 each) capped at 19999, element of entry damage changes from Lightning/NE to Holy/NE if the user has any Attach Holy, activates XIII Chain (max 150, field +0%) or adds 25 to the current XIII Chain maximum limit, grants [Chain Force Mode: Lightning] and [Instant ATB 1] to the user","N","Lowest HP% enemy","250","","Limit Break Damage Up, Quick Cast 1","Excalibur (XIII)","紡絆・ライトニング","20600039","","","✓"
"XIII","Lightning","","Woven Bond: Lightning (Lightning)","LBC","","PHY","Single enemy","Physical","8.00","Lightning, NE","0.01","Ten single attacks (0.80 each) capped at 19999 activates Lightning Chain (max 150, field +0%) or adds 25 to the current Lightning Chain maximum limit, grants [Chain Force Mode: Lightning (Lightning)] and [Instant ATB 1] to the user","N","Lowest HP% enemy","250","","Limit Break Damage Up, Quick Cast 1","Demonslayer (XIII)","紡絆・ライトニング雷","20600044","","","✓"
"XIII","Snow","","Ice Raiment (Snow)","LBG","","NAT","All allies","","","","0.01","Grants [Attach Ice]","N","All allies","250","ATK +10","Ice Damage Up","Chivalry Emblem (XIII)","氷装【スノウ】","20310020","8","✓","✓"
"XIII","Snow","","Ice Chain Promise","LBO","","PHY","Single enemy","Physical","32.00","Ice","2.50","Four single attacks (1.00 each scaling with LB gauge and LB honing level) capped at 99999, ignores DEF, 100% additional critical chance, grants [50% Damage Reduction Barrier 2] to all allies","N","Lowest HP% enemy","250","","Limit Break Damage Up, Cast Time Down","Crystal Guard (XIII)","氷鎖の約束","20310021","10","✓","✓"
"XIII","Snow","","Guardian Shiva","LBGS","","NAT","Self","","","","0.01","Summons Shiva for 5 seconds, grants [Protect], [Shell], [Haste], [Instant ATB 1], [DEF and RES +200% (25s)], [Attach Ice 3 with Stacking] and [Damage Cap +20000] to Shiva","N","Self","250","","Guardian Summon Damage Up, Damage Reduction Barrier","White Armlet (XIII)","Gシヴァ","20310030","","","✓"
"XIII","Snow","","Woven Bond: Snow (Ice)","LBC","","PHY","Single enemy","Physical","8.00","Ice, NE","0.01","Ten single ranged attacks (0.80 each) capped at 19999, activates Ice Chain (max 150, field +0%) or adds 25 to the current Ice Chain maximum limit, grants [Chain Force Mode: Snow] and [Instant ATB 1] to the user","N","Lowest HP% enemy","250","","Limit Break Damage Up, Quick Cast 1","Maverick (XIII)","紡絆・スノウ氷","20310032","","","✓"
"XIII","Snow","","Woven Bond: Snow","LBC","","PHY","Single enemy","Physical","","Ice, NE","0.01","10 single-target Ice/NE physical attacks at Cap Break Level 1, activates Ice Chain (150 or +25), Chain Force Mode & Instant ATB 1 to user
Chain Force Mode: At Chain Count 50 & 100, chases with single-target Ice/NE Overflow physical attack, multiplier increases with each chase, Quick Ice 2 to user","N","Lowest HP% enemy","250","","","Viceroy of Yusnaan B (XIII)","紡絆・スノウ","20310036","","",""
"XIII","Vanille","","Woven Bond: Vanille","LBC","","WHM","Single enemy","Magical","27.00","Holy, NE","0.01","Ten single attacks (2.70 each) capped at 19999, activates XIII Chain (max 150, field +0%) or adds 25 to the current XIII Chain maximum limit and increases the current chain count on all enemies by 10, grants [Chain Force Mode: Vanille] and [Instant ATB 1] to the user","N","Lowest HP% enemy","250","","Limit Break Damage Up, Quick Cast 1","Luminous Robe (XIII)","紡絆・ヴァニラ","20320022","","","✓"
"XIII","Sazh","","Father's Gift","LBO","","PHY","Single enemy","Physical","32.00","Fire, Ice, Lightning","2.50","Four single ranged attacks (1.00 each scaling with LB gauge and LB honing level) capped at 99999, ignores DEF, 100% additional critical chance","N","Lowest HP% enemy","250","","Limit Break Damage Up, Cast Time Down","Procyons (XIII)","息子に届け","20610016","","✓","✓"
"XIII","Sazh","","Woven Bond: Sazh","LBC","","PHY","Single enemy","Physical","8.00","Fire, NE","0.01","Ten single ranged attacks (0.80 each) capped at 19999, activates XIII Chain (max 150, field +0%) or adds 25 to the current XIII Chain maximum limit and increases the current chain count on all enemies by 10, grants [Chain Force Mode: Sazh] and [Instant ATB 1] to the user","N","Lowest HP% enemy","250","","Limit Break Damage Up, Quick Cast 1","Hydras (XIII)","紡絆・サッズ","20610021","","","✓"
"XIII","Hope","","Divine Flash (Hope)","LBG","","BLK","Single enemy","Magical","7.50","Holy, NE","0.01","One single attack (7.50) capped at 99999, grants [Limit Break Gauge +250] to the user","N","Lowest HP% enemy","0","MAG +10","Holy Damage Up","Shaman's Mark (XIII)","聖閃【ホープ】","20770016","","✓","✓"
"XIII","Hope","","Woven Bond: Hope (Holy)","LBC","","SUM","Single enemy","Magical","26.00","Holy, NE","0.01","Ten single attacks (2.60 each) capped at 19999, activates Holy Chain (max 150, field +0%) or adds 25 to the current Holy Chain maximum limit, grants [Chain Force Mode: Hope (Holy)] and [Instant ATB 1] to the user","N","Lowest HP% enemy","250","","Limit Break Damage Up, Quick Cast 1","Naberius (XIII)","紡絆・ホープ聖","20770025","","","✓"
"XIII","Fang","","Highwind Dive","LBO","","PHY","Single enemy","Physical","40.00","Wind","2.50","Five single ranged jump attacks (1.00 each scaling with LB gauge and LB honing level) capped at 99999, ignores DEF, 100% additional critical chance","N","Lowest HP% enemy","250","","Limit Break Damage Up, Cast Time Down","Dragon Gloves (XIII)","ハイウィンドダイブ","22030022","","✓","✓"
"XIII","Serah","","Our Private Heaven","LBO","","BLK","Single enemy","Magical","96.00","Ice, Water","2.50","Four single attacks (3.00 each scaling with LB gauge and LB honing level) capped at 99999, ignores RES","N","Lowest HP% enemy","250","","Limit Break Damage Up, Cast Time Down","Magic Bow (XIII)","秘密の場所だね","22260032","","","✓"
"XIII","Serah","","Woven Bond: Serah (Ice)","LBC","","BLK","Single enemy","Magical","26.00","Ice, NE","0.01","Ten single attacks (2.60 each) capped at 19999, activates Ice Chain (max 150, field +0%) or adds 25 to the current Ice Chain maximum limit, grants [Chain Force Mode: Serah (Ice)] and [Instant ATB 1] to the user","N","Lowest HP% enemy","250","","Limit Break Damage Up, Quick Cast 1","Fatal Barb (XIII)","紡絆・セラ氷","22260041","","","✓"
"XIII","Cid Raines","","Woven Bond: Raines (Dark)","LBC","","BLK","Single enemy","Magical","26.00","Dark, NE","0.01","Ten single attacks (2.60 each) capped at 19999, activates Dark Chain (max 150, field +0%) or adds 25 to the current Dark Chain maximum limit, grants [Chain Force Mode: Raines (Dark)] and [Instant ATB 1] to the user","N","Lowest HP% enemy","250","","Limit Break Damage Up, Quick Cast 1","Raines' Steel Claw (XIII)","紡絆・レインズ闇","22410023","","","✓"
"XIII","Noel","","Javelin Rush","LBO","","PHY","Single enemy","Physical","32.00","Ice, Water","2.50","Four single ranged attacks (1.00 each scaling with LB gauge and LB honing level) capped at 99999, ignores DEF, 100% additional critical chance","N","Lowest HP% enemy","250","","Limit Break Damage Up, Cast Time Down","Durable Grimoire Hat (XIII)","ジャベリンラッシュ","22450019","","✓","✓"
"XIII","Noel","","Woven Bond: Noel (Ice)","LBC","","PHY","Single enemy","Physical","8.00","Ice, NE","0.01","Ten single ranged attacks (0.80 each) capped at 19999, activates Ice Chain (max 150, field +0%) or adds 25 to the current Ice Chain maximum limit, grants [Chain Force Mode: Noel (Ice)] and [Instant ATB 1] to the user","N","Lowest HP% enemy","250","","Limit Break Damage Up, Quick Cast 1","Noel's Balmung (XIII)","紡絆・ノエル氷","22450024","","","✓"
"XIII","Noel","","Bond Flash: Noel","LBG","","NAT","All allies","","","","0.01","Grants [Quick Cast 2], and [ATK and MAG +30%, DEF and RES +25% (25s)] with at least 4 XIII members in the party","N","All allies","250","ATK +10","Prismatic Damage Up","Lunate Armlet (XIII)","絆閃【ノエル】","22450031","","","✓"
"XIII","Noel","","Woven Bond: Noel (Water)","LBC","","PHY","Single enemy","Physical","","Water, NE","0.01","10 single-target Water/NE ranged physical attacks at Cap Break Level 1, activates Water Chain (150 or +25), Chain Force Mode & Instant ATB 1 to user
Chain Force Mode: After using Water abilities, chases with 6 single-target Water/NE ranged physical attacks (max 2 chases)","N","Lowest HP% enemy","250","","","Mirage Vest (XIII)","紡絆・ノエル水","22450035","","",""
"XIII","Nabaat","","Woven Bond: Nabaat","LBC","","BLK","Single enemy","Magical","","Dark, NE","0.01","10 single-target Dark/NE magic attacks at Cap Break Level 1, activates XIII Chain (150 or +25) & +10 Chain Count to all targets, Chain Force Mode & Instant ATB 1 to user
Chain Force Mode: After using a Dark abilitu, grants Instant Cast 1 to party (max 2 chases)","N","Lowest HP% enemy","250","","","Estoc (XIII)","紡絆・ナバート","22760024","","",""
"XIV","Y'shtola","","Scion's Meteor","LBO","","BLK","Single enemy","Magical","96.00","Fire, Ice, Lightning, Dark","2.50","Four single attacks (3.00 each scaling with LB gauge and LB honing level) capped at 99999, ignores RES","N","Lowest HP% enemy","250","","Limit Break Damage Up, Cast Time Down","Night Seeker (XIV)","サイオンズ・メテオ","20960011","10","✓","✓"
"XIV","Y'shtola","","Woven Bond: Y'shtola","LBC","","BLK","Single enemy","Magical","26.00","Fire, NE","0.01","Ten single attacks (2.60 each) capped at 19999, element of entry damage changes from Ice/NE, Lightning/NE or Dark/NE if the user has any Attach Ice, Attach Lightning or Attach Dark, activates XIV Chain (max 150, field +0%) or adds 25 to the current XIV Chain maximum limit, grants [Chain Force Mode: Y'shtola] and [Instant ATB 1] to the user","N","Lowest HP% enemy","250","","Limit Break Damage Up, Quick Cast 1","Rod of Light (XIV)","紡絆・ヤ・シュトラ","20960023","","","✓"
"XIV","Papalymo","","Fire Flash (Papalymo)","LBG","","BLK","Single enemy","Magical","7.50","Fire, NE","0.01","One single attack (7.50) capped at 99999, grants [Limit Break Gauge +250] to the user","N","Lowest HP% enemy","0","MAG +10","Fire Damage Up","Ironworks Magitek Rod (XIV)","炎閃【パパリモ】","22330016","","✓","✓"
"XIV","Papalymo","","Woven Bond: Papalymo (Fire)","LBC","","BLK","Single enemy","Magical","26.00","Fire, NE","0.01","Ten single attacks (2.60 each) capped at 19999, activates Fire Chain (max 150, field +0%) or adds 25 to the current Fire Chain maximum limit, grants [Chain Force Mode: Papalymo] and [Instant ATB 1] to the user","N","Lowest HP% enemy","250","","Limit Break Damage Up, Quick Cast 1","Catalyst (XIV)","紡絆・パパリモ炎","22330017","","","✓"
"XIV","Papalymo","","Scion's Fire","LBO","","BLK","Single enemy","Magical","120.00","Fire","2.50","Five single attacks (3.00 each scaling with LB gauge and LB honing level) capped at 99999, ignores RES","N","Lowest HP% enemy","250","","Limit Break Damage Up, Cast Time Down","Vanargand (XIV)","サイオンズ・ファイア","22330020","","","✓"
"XIV","Papalymo","","Woven Bond (Papalymo)","LBC","","BLK","Single enemy","Magical","26.00","Fire, NE","0.01","Ten single attacks (2.60 each) capped at 19999, activates XIV Chain (max 150, field +0%) or adds 25 to the current XIV Chain maximum limit, grants [Chain Force Mode: Papalymo] and [Instant ATB 1] to the user","N","Lowest HP% enemy","250","","Limit Break Damage Up, Quick Cast 1","Elemental Rod(XIV)","紡絆・パパリモ","22330024","","","✓"
"XIV","Alphinaud","","Woven Bond: Alphinaud (Wind)","LBC","","SUM","Single enemy","Magical","26.00","Wind, NE","0.01","Ten single attacks (2.60 each) capped at 19999, activates Wind Chain (max 150, field +0%) or adds 25 to the current Wind Chain maximum limit, grants [Chain Force Mode: Alphinaud] and [Instant ATB 1] to the user","N","Lowest HP% enemy","250","","Limit Break Damage Up, Quick Cast 1","Galdrabok (XIV)","紡絆・アルフィノ風","22530018","","","✓"
"XIV","Minfilia","","Woven Bond (Minfilia)","LBC","","PHY","Single enemy","Physical","8.00","Holy, NE","0.01","Ten single attacks (0.80 each) capped at 19999, activates XIV Chain (max 150, field +0%) or adds 25 to the current XIV Chain maximum limit and increases the current chain count on all enemies by 10, grants [Chain Force Mode: Minfilia] and [Instant ATB 1] to the user","N","Lowest HP% enemy","250","","Limit Break Damage Up, Quick Cast 1","Galatyn (XIV)","紡絆・ミンフィリア","22520017","","","✓"
"XIV","Ysayle","","Ice Raiment (Ysayle)","LBG","","NAT","All allies","","","","0.01","Grants [Attach Ice]","N","All allies","250","MAG +10","Ice Damage Up","Voeburtite Tunic of Casting (XIV)","氷装【イゼル】","23130009","8","✓","✓"
"XIV","Ysayle","","Woven Bond: Ysayle (Ice)","LBC","","SUM","Single enemy","Magical","8.00","Ice, NE","0.01","Ten single summon attacks (0.80 each) capped at 19999, activates Ice Chain (max 150, field +0%) or adds 25 to the current Ice Chain maximum limit and increases the current chain count on all enemies by 10, grants [Chain Force Mode (Ysayle - Ice)] and [Instant ATB 1] to the user","N","Lowest HP% enemy","250","","","Augmented Hailstorm Crown of Casting (XIV)","紡絆・イゼル氷","23130017","","",""
"XIV","Haurchefant","","Last Bastion","LBO","","PHY","Single enemy","Physical","40.00","Holy, Ice","2.50","Five single attacks (1.00 each scaling with LB gauge and LB honing level) capped at 99999, ignores DEF, 100% additional critical chance","N","Lowest HP% enemy","250","","Limit Break Damage Up, Cast Time Down","Priwen (XIV)","ラストバスティオン","23110009","10","✓","✓"
"XIV","Alisaie","","Vermillion Scourge","LBO","","BLK","Single enemy","Magical","96.00","Wind, Lightning","2.50","Four single attacks (3.00 each scaling with LB gauge and LB honing level) capped at 99999, ignores RES","N","Lowest HP% enemy","250","","Limit Break Damage Up, Cast Time Down","Fae Rapier (XIV)","ヴァーミリオンスカージ","23510010","","✓","✓"
"XIV","Alisaie","","Woven Bond: Alisaie","LBC","","BLK","Single enemy","Magical","26.00","Wind, Lightning","2.50","Ten single attacks (2.60 each) capped at 19999, element of entry damage changes from Wind/NE or Lightning/NE if the user has any Attach Wind or Attach Lightning, activates XIV Chain (max 150, field +0%) or adds 25 to the current XIV Chain maximum limit, grants [Chain Force Mode: Alisaie] and [Instant ATB 1] to the user","N","Lowest HP% enemy","250","","Limit Break Damage Up, Quick Cast 1","Monstrorum Foil (XIV)","紡絆・アリゼー","23510015","","","✓"
"XV","Noctis","","Ancillary Link-Strike","LBO","","PHY","Single enemy","Physical","32.00","Fire, Earth, Lightning","2.50","Four single attacks (1.00 each scaling with LB gauge and LB honing level) capped at 99999, ignores DEF, 100% additional critical chance","N","Lowest HP% enemy","250","","Limit Break Damage Up, Cast Time Down","Lucian King's Jacket (XV)","アナザーリンクアタック","22740014","10","✓","✓"
"XV","Noctis","","Woven Bond: Noctis (Earth)","LBC","","PHY","Single enemy","Physical","8.00","Earth, NE","0.01","Ten single attacks (0.80 each) capped at 19999, activates Earth Chain (max 150, field +0%) or adds 25 to the current Earth Chain maximum limit, grants [Chain Force Mode: Noctis] and [Instant ATB 1] to the user","N","Lowest HP% enemy","250","","Limit Break Damage Up, Quick Cast 1","Durandal (XIV)","紡絆・ノクティス地","22740024","","","✓"
"XV","Noctis","","Woven Bond: Noctis (Fire)","LBC","","PHY","Single enemy","Physical","8.00","Fire, NE","0.01","Ten single attacks (0.80 each) capped at 19999, activates Fire Chain (max 150, field +0%) or adds 25 to the current Fire Chain maximum limit, grants [Chain Force Mode: Noctis  (Fire)] and [Instant ATB 1] to the user","N","Lowest HP% enemy","250","","Limit Break Damage Up, Quick Cast 1","Black Cowl (XV)","紡絆・ノクティス炎","22740037","","","✓"
"XV","Noctis","","Woven Bond: Noctis (Lightning)","LBC","","PHY","Single enemy","Physical","","Lightning, NE","0.01","10 single-target Lightning/NE physical attacks at Cap Break Level 1, activates Lightning Chain (150 or +25), Chain Force Mode & Instant ATB 1 to user
Chain Force Mode: After using Lightning abilities, chases with 6 single-target Lightning/NE physical attacks (max 2 chases)","N","Lowest HP% enemy","250","","","Centurion Bangle (XV)","紡絆・ノクティス雷","22740045","","",""
"XV","Gladiolus","","Woven Bond: Gladiolus (Earth)","LBC","","PHY","Single enemy","Physical","8.00","Earth, NE","0.01","Ten single attacks (0.80 each) capped at 19999, activates Earth Chain (max 150, field +0%) or adds 25 to the current Earth Chain maximum limit, grants [Chain Force Mode (Gladiolus - Earth)] and [Instant ATB 1] to the user","N","Lowest HP% enemy","250","","Limit Break Damage Up, Quick Cast 1","Iron Duke (XV)","紡絆・グラディオラス地","22900018","","","✓"
"XV","Ignis","","Woven Bond: Ignis (Fire)","LBC","","PHY","Single enemy","Physical","8.00","Fire, NE","0.01","Ten single attacks (0.80 each) capped at 19999, activates Fire Chain (max 150, field +0%) or adds 25 to the current Fire Chain maximum limit and increases the current chain count on all enemies by 10, grants [Chain Force Mode: Ignis (Fire)] and [Instant ATB 1] to the user","N","Lowest HP% enemy","250","","Limit Break Damage Up, Quick Cast 1","Mage Masher (XV)","紡絆・イグニス炎","23200015","","",""
"XV","Prompto","","Trigger Hunt","LBO","","PHY","Single enemy","Physical","40.00","Lightning","2.50","Five single ranged attacks (1.00 each scaling with LB gauge and LB honing level) capped at 99999, ignores DEF, 100% additional critical chance","N","Lowest HP% enemy","250","","Limit Break Damage Up, Cast Time Down","Tundra Attire (XV)","トリガー・ハント","22970017","","✓","✓"
"XV","Prompto","","Woven Bond: Prompto (Lightning)","LBC","","PHY","Single enemy","Physical","8.00","Lightning, NE","0.01","Ten single attacks (0.80 each) capped at 19999, activates Lightning Chain (max 150, field +0%) or adds 25 to the current Lightning Chain maximum limit and increases the current chain count on all enemies by 10, grants [Chain Force Mode: Prompto (Lightning)] and [Instant ATB 1] to the user","N","Lowest HP% enemy","250","","Limit Break Damage Up, Quick Cast 1","Gravity Well (XV)","紡絆・プロンプト雷","22970020","","","✓"
"XV","Aranea","","Woven Bond (Aranea)","LBC","","PHY","Single enemy","Physical","8.00","Lightning, NE","0.01","Ten single ranged jump attacks (0.80 each) capped at 19999, activates XV Chain (max 150, field +0%) or adds 25 to the current XV Chain maximum limit, grants [Chain Force Mode: Aranea] and [Instant ATB 1] to the user","N","Lowest HP% enemy","250","","Limit Break Damage Up, Quick Cast 1","Venus Gospel (XV)","紡絆・アラネア","22980018","","","✓"
"XV","Cor","","Woven Bond (Cor)","LBC","","PHY","Single enemy","Physical","8.00","Fire, NE","0.01","Ten single attacks (0.80 each) capped at 19999, activates XV Chain (max 150, field +0%) or adds 25 to the current XV Chain maximum limit, grants [Chain Force Mode: Cor] and [Instant ATB 1] to the user","N","Lowest HP% enemy","250","","Limit Break Damage Up, Quick Cast 1","Shimmering Blade (XV)","紡絆・コル","23420010","","","✓"
"XV","Lunafreya","","Woven Bond: Lunafreya (Water)","LBC","","SUM","Single enemy","Magical","26.00","Water, NE","0.01","Ten single attacks (2.60 each) capped at 19999, activates Water Chain (max 150, field +0%) or adds 25 to the current Water Chain maximum limit and increases the current chain count on all enemies by 10, grants [Chain Force Mode: Lunafreya] and [Instant ATB 1] to the user","N","Lowest HP% enemy","250","","Limit Break Damage Up, Quick Cast 1","Empyrean Rod (XV)","紡絆・ルナフレーナ水","23460008","","","✓"
"XV","Lunafreya","","Guardian Leviathan","LBGS","","NAT","Self","","","","0.01","Summons Leviathan for 5 seconds, grants [Protect], [Shell], [Haste], [Instant ATB 1], [DEF and RES +200% (25s)], [Attach Water 3 with Stacking] and [Damage Cap +20000] to Leviathan","N","Self","250","","Guardian Summon Damage Up, Damage Reduction Barrier","Water Rod (XV)","Gリヴァイアサン","23460013","","","✓"
"XV","Ardyn","","Evil Armiger","LBO","","PHY","Single enemy","Physical","32.00","Dark, Fire","2.50","Four single attacks (1.00 each scaling with LB gauge and LB honing level) capped at 99999, ignores DEF, 100% additional critical chance","N","Lowest HP% enemy","250","","Limit Break Damage Up, Cast Time Down","Rakshasa Blade (XV)","エビルファントムソード","23520003","10","✓","✓"
"XV","Ardyn","","Guardian Ifrit","LBGS","","NAT","Self","","","","0.01","Summons Ifrit for 5 seconds, grants [Protect], [Shell], [Haste], [Instant ATB 1], [DEF and RES +200% (25s)], [Attach Fire 3 with Stacking] and [Damage Cap +20000] to Ifrit","N","Self","250","","Guardian Summon Damage Up, Damage Reduction Barrier","Swords of the Wanderer - Variant (XV)","Gイフリート","23520007","","✓","✓"
"XV","Ardyn","","Woven Bond: Ardyn","LBC","","PHY","Single enemy","Physical","8.00","Dark, NE","0.01","Ten single attacks (0.80 each) capped at 19999, element of entry damage changes from Dark/NE to Fire/NE if the user has any Attach Fire, activates XV Chain (max 150, field +0%) or adds 25 to the current XV Chain maximum limit, grants [Chain Force Mode: Ardyn] and [Instant ATB 1] to the user","N","Lowest HP% enemy","250","","Limit Break Damage Up, Quick Cast 1","Star of the Rogue Variant (XV)","紡絆・アーデン","23520012","","","✓"
"XV","Ravus","","Woven Bond: Ravus","LBC","","PHY","Single enemy","Physical","8.00","Lightning, Dark, NE","0.01","Ten single attacks (0.80 each) capped at 19999, activates XV Chain (max 150, field +0%) or adds 25 to the current XV Chain maximum limit, grants [Chain Force Mode: Ravus] and [Instant ATB 1] to the user","N","Lowest HP% enemy","250","","Limit Break Damage Up, Quick Cast 1","Deus Ex Machina (XV)","紡絆・レイヴス","23530012","","","✓"
"FFT","Agrias","","Bestowed Blade","LBO","","PHY","Single enemy","Physical","40.00","Holy","2.50","Five single attacks (1.00 each scaling with LB gauge and LB honing level) capped at 99999, ignores DEF, 100% additional critical chance","N","Lowest HP% enemy","250","","Limit Break Damage Up, Cast Time Down","Templar Shield (FFT)","我が主君に捧げし剣","22150011","10","✓","✓"
"FFT","Orlandeau","","Woven Bond: Orlandeau","LBC","","PHY","Single enemy","Physical","","Holy, Dark, Earth, NE","0.01","10 single-target Holy/NE, Dark/NE or Earth/NE physical attacks at Cap Break Level 1 under En-Holy, En-Dark or En-Earth, activates T Chain (150 or +25), Chain Force Mode & Instant ATB 1 to user
Chain Force Mode: At Chain Count 50 & 100, grants Holy, Dark or Earth Ability Damage +30% for 1 turn to user","N","Lowest HP% enemy","250","","","Lurebreaker (FFT)","紡絆・オルランドゥ","22550023","","",""
"Type-0","Ace","","Crimson Cards","LBO","","BLK","Single enemy","Magical","120.00","Fire","2.50","Five single attacks (3.00 each scaling with LB gauge and LB honing level) capped at 99999, ignores RES","N","Lowest HP% enemy","250","","Limit Break Damage Up, Cast Time Down","Crazy Eights (Type-0)","クリムゾンカード","22790014","10","✓","✓"
"Type-0","Ace","","Woven Bond: Ace (Fire)","LBC","","BLK","Single enemy","Magical","27.00","Fire, NE","0.01","Ten single attacks (2.60 each) capped at 19999, activates Fire Chain (max 150, field +0%) or adds 25 to the current Fire Chain maximum limit, grants [Chain Force Mode: Ace] and [Instant ATB 1] to the user","N","Lowest HP% enemy","250","","Limit Break Damage Up, Quick Cast 1","Sage's Deck (Type-0)","紡絆・エース炎","22790023","","","✓"
"Type-0","Deuce","","Woven Bond: Deuce","LBC","","WHT","Single enemy","Magical","","Holy, NE","0.01","10 single-target Holy/NE white magic attacks at Cap Break Level 1, activates T0 Chain (150 or +25) & +10 Chain Count to all targets, Chain Force Mode & Instant ATB 1 to user
Chain Force Mode: After using White Magic abilities, grants Quick Cast 1 to party (max 2 chases)","N","Lowest HP% enemy","250","","","Hypno Crown (Type-0)","紡絆・デュース","22800016","","",""
"Type-0","Nine","","Woven Bond: Nine (Fated)","LBC","","PHY","Single enemy","Physical","8.00","Wind, NE","0.01","Ten single ranged jump attacks (0.80 each) capped at 19999, activates Dragoon Chain (max 150, field +0%) or adds 25 to the current Dragoon Chain maximum limit, grants [Chain Force Mode: Nine (Dragoon)] and [Instant ATB 1] to the user","N","Lowest HP% enemy","250","","Limit Break Damage Up, Quick Cast 1","Mythril Lance (Type-0)","紡絆・ナイン天命","22810017","","","✓"
"Type-0","Machina","","Woven Bond: Machina (Earth)","LBC","","PHY","Single enemy","Physical","8.00","Earth, NE","0.01","Ten single attacks (0.80 each) capped at 19999, activates Earth Chain (max 150, field +0%) or adds 25 to the current Earth Chain maximum limit and increases the current chain count on all enemies by 10, grants [Chain Force Mode (Machina - Earth)] and [Instant ATB 1] to the user","N","Lowest HP% enemy","250","","Limit Break Damage Up, Quick Cast 1","White Tiger l'Cie Mask (Type-0)","紡絆・マキナ地","23090024","","","✓"
"Type-0","Rem","","Saintly Dagger Boomerang","LBO","","WHT","Single enemy","Magical","126.80","Holy","2.50","Five single attacks (3.17 each scaling with LB gauge and LB honing level) capped at 99999, ignores RES","N","Lowest HP% enemy","250","","Limit Break Damage Up, Cast Time Down","Zwillblades (Type-0)","S・ブーメランダガー","23080012","10","✓","✓"
"Type-0","Rem","","Woven Bond: Rem (Holy)","LBC","","WHT","Single enemy","Magical","27.00","Holy, NE","0.01","Ten single attacks (2.70 each) capped at 19999, activates Holy Chain (max 150, field +0%) or adds 25 to the current Holy Chain maximum limit, grants [Chain Force Mode: Rem] and [Instant ATB 1] to the user","N","Lowest HP% enemy","250","","Limit Break Damage Up, Quick Cast 1","Mythril Bracelet (Type-0)","紡絆・レム聖","23080020","","","✓"
"Type-0","Queen","","Destructive Energy","LBO","","PHY","Single enemy","Physical","40.00","Lightning","2.50","Five single attacks (1.00 each scaling with LB gauge and LB honing level) capped at 99999, ignores DEF, 100% additional critical chance","N","Lowest HP% enemy","250","","Limit Break Damage Up, Cast Time Down","Bastard Sword (Type-0)","エナジーデストロイ","23100009","10","✓","✓"
"Type-0","Queen","","Thunder Flash (Queen)","LBG","","PHY","Single enemy","Physical","3.36","Lightning, NE","0.01","One single attack (3.36) capped at 99999, grants [Limit Break Gauge +250] to the user","N","Lowest HP% enemy","0","ATK +10","Lightning Damage Up","Warlord (Type-0)","雷閃【クイーン】","23100016","","✓","✓"
"Type-0","Queen","","Woven Bond: Queen (Lightning)","LBC","","PHY","Single enemy","Physical","8.00","Lightning, NE","0.01","Ten single attacks (0.80 each) capped at 19999, activates Lightning Chain (max 150, field +0%) or adds 25 to the current Lightning Chain maximum limit, grants [Chain Force Mode: Queen (Lightning)] and [Instant ATB 1] to the user","N","Lowest HP% enemy","250","","Limit Break Damage Up, Quick Cast 1","Phantasmal Blade (Type-0)","紡絆・クイーン雷","23100021","","","✓"
"Type-0","King","","Woven Bond: King (Lightning)","LBC","","PHY","Single enemy","Physical","","Lightning, NE","0.01","Ten single ranged attacks (?) capped at 19999, activates Lightning Chain (max 150, field +0%) or adds 25 to the current Lightning Chain maximum limit, grants [Chain Force Mode (King - Lightning)], and [Instant Cast 1] to the user","N","Lowest HP% enemy","250","","","Supershot STs (Type-0)","紡絆・キング雷","23180018","","",""
"Type-0","Cinque","","Earth Raiment (Cinque)","LBG","","NAT","All allies","","","","0.01","Grants [Attach Earth]","N","All allies","250","ATK +10","Earth Damage Up","Ares' Mace (Type-0)","地装【シンク】","23190009","8","✓","✓"
"Type-0","Cinque","","Max Charged Mace","LBO","","PHY","Single enemy","Physical","40.00","Earth, Wind","2.50","Five single attacks (1.00 each scaling with LB gauge and LB honing level) capped at 99999, ignores DEF, 100% additional critical chance","N","Lowest HP% enemy","250","","Limit Break Damage Up, Cast Time Down","Mythril Mace (Type-0)","MAXチャージメイス","23190011","","✓","✓"
"Type-0","Cinque","","Woven Bond: Cinque","LBC","","PHY","Single enemy","Physical","8.00","Earth, NE","0.01","Ten single attacks (0.80 each) capped at 19999, activates Type-0 Chain (max 150, field +0%) or adds 25 to the current Type-0 Chain maximum limit, grants [Chain Force Mode: Cinque] and [Instant ATB 1] to the user","N","Lowest HP% enemy","250","","Limit Break Damage Up, Quick Cast 1","Sledgehammer (Type-0)","紡絆・シンク","23190022","","","✓"
"Type-0","Seven","","Icefall Lash","LBO","","BLK","Single enemy","Magical","120.00","Ice","2.50","Five single attacks (3.00 each scaling with LB gauge and LB honing level) capped at 99999, ignores RES","N","Lowest HP% enemy","250","","Limit Break Damage Up, Cast Time Down","Mythril Whipblade (Type-0)","アイスビレッジキャッチ","23260016","","✓","✓"
"Type-0","Seven","","Spiraling Flash (Seven)","LBG","","NAT","Single enemy","","","","0.01","Causes [Imperil Ice 40% (5s)], grants [Quick Cast 2] to all allies","N","Lowest HP% enemy","0","MAG +10","Ice Damage Up","Sleipnir Tail (Type-0)","降閃【セブン】","23260018","","✓","✓"
"Type-0","Seven","","Woven Bond: Seven (Ice)","LBC","","BLK","Single enemy","Magical","","Ice, NE","0.01","Ten single attacks (? each) capped at 19999, activates Ice Chain (max 150, field +0%) or adds 25 to the current Ice Chain maximum limit, grants [Chain Force Mode (Seven)] and [Instant ATB1] to the user","N","Lowest HP% enemy","250","","","Hoarfrost Whipblade (Type-0)","紡絆・セブン氷","23260022","","",""
"Type-0","Sice","","Woven Bond: Sice","LBC","","PHY","Single enemy","Physical","8.00","Dark, NE","0.01","Ten single attacks (0.80 each) capped at 19999, activates Type-0 Chain (max 150, field +0%) or adds 25 to the current Type-0 Chain maximum limit, grants [Chain Force Mode: Sice] and [Instant ATB 1] to the user","N","Lowest HP% enemy","250","","Limit Break Damage Up, Quick Cast 1","Steel Scythe (Type-0)","紡絆・サイス","23270016","","","✓"
"Type-0","Eight","","Frost Assault","LBO","","PHY","Single enemy","Physical","40.00","Ice","2.50","Five single attacks (1.00 each scaling with LB gauge and LB honing level) capped at 99999, ignores DEF, 100% additional critical chance","N","Lowest HP% enemy","250","","Limit Break Damage Up, Cast Time Down","Steel Claws (Type-0)","フロストアサルト","23360011","","✓","✓"
"Type-0","Eight","","Woven Bond: Eight (Ice)","LBC","","PHY","Single enemy","Physical","8.00","Ice, NE","0.01","Ten single attacks (0.80 each) capped at 19999, activates Ice Chain (max 150, field +0%) or adds 25 to the current Ice Chain maximum limit, grants [Chain Force Mode: Eight] and [Instant ATB 1] to the user","N","Lowest HP% enemy","250","","Limit Break Damage Up, Quick Cast 1","Master Fists (Type-0)","紡絆・エイト氷","23360015","","","✓"
"Type-0","Cater","","Fated Flash (Cater)","LBG","","NAT","All allies","","","","0.01","Grants [Instant Cast 1]/[Instant Cast 1] and [ATK and MND +30%, DEF and RES +25% (25s)] to all allies","N","All allies","250","","Prismatic Damage Up","Ballistic Armor (Type-0)","命閃【ケイト】","23370019","","","✓"
"Type-0","Cater","","Woven Bond: Cater","LBC","","PHY","Single enemy","Physical","","Fire, Ice, Lightning, NE","0.01","10 single-target Fire/NE or Ice/NE or Lightning/NE physical attacks at Cap Break Level 1 under En-Fire, En-Ice or En-Lightning, activates T0 Chain (150 or +25), Chain Force Mode & Instant ATB 1 to user
Chain Force Mode: After using Machinist abilities, chases with 4 single-target Fire/Ice/Lightning/NE ranged physical attacks (max 3 chases)","N","Lowest HP% enemy","250","","","Diamond Bracelet (Type-0)","紡絆・ケイト","23370022","","",""
"Type-0","Trey","","Sniper Arrow Shot","LBO","","PHY","Single enemy","Physical","32.00","Fire, Ice, Water","2.50","Four single ranged attacks (1.00 each scaling with LB gauge and LB honing level) capped at 99999, ignores DEF, 100% additional critical chance","N","Lowest HP% enemy","250","","Limit Break Damage Up, Cast Time Down","Elfin Bow (Type-0)","スナイプアローショット","23430009","","✓","✓"
"Type-0","Trey","","Woven Bond: Trey","LBC","","PHY","Single enemy","Physical","8.00","Fire, Ice, Water, NE","0.01","Ten single attacks (0.80 each) capped at 19999, element of entry damage changes from Fire/NE, Ice/NE or Water/NE if the user has any Attach Fire, Attach Ice or Attach Water, activates Type-0 Chain (max 150, field +0%) or adds 25 to the current Type-0 Chain maximum limit, grants [Chain Force Mode: Trey] and [Instant ATB 1] to the user","N","Lowest HP% enemy","250","","Limit Break Damage Up, Quick Cast 1","Thanatos' Bow (Type-0)","紡絆・トレイ","23430018","","","✓"
"Type-0","Kurasame","","Woven Bond: Kurasame (Ice)","LBC","","NAT","Single enemy","Hybrid","","Ice, NE","0.01","Ten single attacks (0.80 or 2.60 each) capped at 19999, activates Ice Chain (max 150, field +0%) or adds 25 to the current Ice Chain maximum limit, grants [Chain Force Mode: Kurasame (Ice)] and [Instant ATB 1] to the user","N","Lowest HP% enemy","250","","Limit Break Damage Up, Quick Cast 1","Soul Saber (Type-0)","紡絆・クラサメ氷","23550014","","","✓"
"","LB Ver eqn","","","LBO","LBO1","","","","","","","Limit Break Bonus Passive Reference:","","","","","","","","","","",""
"","","","","","","","","","","","","* Limit Break Damage Up: Multiplies the limit break damage factor by:
1.00/1.00/1.50/1.50/2.00 when 250 LB gauge spent
2.50/2.50/3.00/3.00/3.50 when 500 LB gauge spent
8.00/8.00/14.00/14.00/20.00 when 750 LB gauge spent
At limit break honing level 1/2/3/4/5","","","","","","","","","","",""
"","","","","","","","","","","","","* Cast Time Down: Cast speed x1.03/1.50/2.00/2.50/3.00 at limit break honing level 1/2/3/4/5","","","","","","","","","","",""
"","","","","","","","","","","","","* Dark Damage Up: Grants [Buff Dark 10% (15s)] to all allies","","","","","","","","","","",""
"","","","","","","","","","","","","* Earth Damage Up: Grants [Buff Earth 10% (15s)] to all allies","","","","","","","","","","",""
"","","","","","","","","","","","","* Fire Damage Up: Grants [Buff Fire 10% (15s)] to all allies","","","","","","","","","","",""
"","","","","","","","","","","","","* Holy Damage Up: Grants [Buff Holy 10% (15s)] to all allies","","","","","","","","","","",""
"","","","","","","","","","","","","* Ice Damage Up: Grants [Buff Ice 10% (15s)] to all allies","","","","","","","","","","",""
"","","","","","","","","","","","","* Lightning Damage Up: Grants [Buff Lightning 10% (15s)] to all allies","","","","","","","","","","",""
"","","","","","","","","","","","","* Water Damage Up: Grants [Buff Water 10% (15s)] to all allies","","","","","","","","","","",""
"","","","","","","","","","","","","* Wind Damage Up: Grants [Buff Wind 10% (15s)] to all allies","","","","","","","","","","",""
"","","","","","","","","","","","","* Poison Damage Up: Grants [Buff Poison 10% (15s)] to all allies","","","","","","","","","","",""
"","","","","","","","","","","","","* Prismatic Damage Up: Grants [Buff Prismatic 10% (15s)] to all allies","","","","","","","","","","",""