"Magicite","Img","Name","0","1","2","3","Type","Auto Target","Formula","Multiplier","Element","Time","Effects","Counter","Name (JP)","ID","GL","✓"
"Bomb (XII)","","Fire","20%","35%","50%","70%","BLK","Lowest HP% enemy","Magical","15.00","Fire","1.00","One single attack (15.00)","N","ファイア","","✓","✓"
"Bomb (XII)","","Lunge","80%","65%","50%","30%","PHY","Lowest HP% enemy","Physical","4.50","-","1.00","One single attack (4.50)","N","体当たり","","✓","✓"
"Iguion (VIII)","","Magma Breath","20%","35%","50%","70%","NAT","All enemies","Magical","11.40","-","1.00","One group attack (11.40), causes [Petrify] (10%)","N","マグマブレス","","✓","✓"
"Iguion (VIII)","","Resonance","80%","65%","50%","30%","PHY","All enemies","Physical","3.60","-","1.00","One group attack (3.60)","N","レゾナンス","","✓","✓"
"Dragon (VII)","","Flame Thrower","20%","35%","50%","70%","NAT","All enemies","Magical","14.40","Fire","1.00","One group attack (14.40)","N","火炎放射","","✓","✓"
"Dragon (VII)","","Dragon Fang","80%","65%","50%","30%","PHY","Lowest HP% enemy","Physical","5.40","-","1.00","One single attack (5.40)","N","ドラゴンファング","","✓","✓"
"Flame Dragon (X)","","Beef Up","20%","35%","50%","70%","NAT","Random ally without status","","","","1.00","Grants [ATK +15%] for Next Damaging Action","N","力をためる","","✓","✓"
"Flame Dragon (X)","","Flame Breath","80%","65%","50%","30%","NAT","All enemies","Magical","10.80","Fire","1.00","One group attack (10.80)","N","フレイムブレス","","✓","✓"
"Salamander (III)","","Fire Breath","20%","35%","50%","70%","NAT","All enemies","Magical","17.28","Fire","1.00","One group attack (17.28)","N","ファイアブレス","","✓","✓"
"Salamander (III)","","Attack","80%","65%","50%","30%","PHY","Lowest HP% enemy","Physical","6.48","-","1.00","One single attack (6.48)","N","たたかう","","✓","✓"
"Mom Bomb (IV)","","Self-Destruct (Group)","20%","35%","50%","70%","BLK","All enemies","Magical","17.28","Fire","1.00","One group attack (17.28)","N","自爆（全体）","","✓","✓"
"Mom Bomb (IV)","","Self-Destruct (Single)","80%","65%","50%","30%","BLK","Lowest HP% enemy","Magical","16.20","Fire","1.00","One single attack (16.20)","N","自爆（単体）","","✓","✓"
"Liquid Flame (V)","","Blaze","10%","15%","20%","40%","NAT","All enemies","Magical","21.60","Fire","1.00","One group attack (21.60)","N","ほのお","","✓","✓"
"Liquid Flame (V)","","Fira","20%","35%","50%","50%","BLK","All enemies","Magical","17.28","Fire","1.00","One group attack (17.28)","N","ファイラ","","✓","✓"
"Liquid Flame (V)","","Fire","70%","50%","30%","10%","BLK","Lowest HP% enemy","Magical","16.20","Fire","1.00","One single attack (16.20)","N","ファイア","","✓","✓"
"Firemane (XII)","","Fire","10%","15%","20%","40%","BLK","Lowest HP% enemy","Magical","33.75","Fire","1.00","Three single attacks (11.25 each)","N","ファイア","","✓","✓"
"Firemane (XII)","","Rush","20%","35%","50%","50%","PHY","Lowest HP% enemy","Physical","10.80","-","1.00","Two single attacks (5.40 each)","N","しゃくり","","✓","✓"
"Firemane (XII)","","Kick","70%","50%","30%","10%","PHY","Lowest HP% enemy","Physical","8.10","-","1.00","Two single attacks (4.05 each)","N","蹴り","","✓","✓"
"King Bomb (XII)","","Short Fuse","10%","15%","20%","40%","NAT","Random ally without status","","","","1.00","Grants [Instant Cast 1]","N","連続魔","","✓","✓"
"King Bomb (XII)","","Fira","20%","35%","50%","50%","BLK","Lowest HP% enemy","Magical","27.00","Fire","1.00","Two single attacks (13.50 each)","N","ファイラ","","✓","✓"
"King Bomb (XII)","","Lunge","70%","50%","30%","10%","PHY","Lowest HP% enemy","Physical","8.10","-","1.00","Two single attacks (4.05 each)","N","体当たり","","✓","✓"
"Maliris (IX)","","Raining Swords","10%","15%","20%","40%","PHY","All enemies","Physical","10.80","-","1.00","Two group ranged attacks (5.40 each)","N","剣の雨","","✓","✓"
"Maliris (IX)","","Mustard Bomb","20%","35%","50%","50%","NAT","Lowest HP% enemy","Magical","27.00","Fire","1.00","Two single attacks (13.50 each)","N","マスタードボム","","✓","✓"
"Maliris (IX)","","Firaga","70%","50%","30%","10%","BLK","Lowest HP% enemy","Magical","20.26","Fire","1.00","Two single attacks (10.13 each)","N","ファイガ","","✓","✓"
"Belias (XII)","","Demonic Flame","10%","15%","20%","100%","PHY","Lowest HP% enemy","Physical","11.60","Fire","1.00","One single attack (11.60) capped at 99999","N","火鬼撃","","✓","✓"
"Belias (XII)","","Flaming Horn","20%","35%","60%","0%","PHY","Lowest HP% enemy","Physical","9.45","Fire","1.00","Three single attacks (3.15 each)","N","ヒートホーン","","✓","✓"
"Belias (XII)","","Hit","70%","50%","20%","0%","PHY","Lowest HP% enemy","Physical","8.52","-","1.00","Two single attacks (4.26 each)","N","なぐる","","✓","✓"
"Phoenix (VI)","","Death's Pyre","10%","15%","20%","100%","BLK","Lowest HP% enemy","Magical","35.00","Fire","1.00","One single attack (35.00) capped at 99999","N","往生の炎","","✓","✓"
"Phoenix (VI)","","Firaga","20%","35%","60%","0%","BLK","Lowest HP% enemy","Magical","28.35","Fire","1.00","Three single attacks (9.45 each)","N","ファイガ","","✓","✓"
"Phoenix (VI)","","Lunge","70%","50%","20%","0%","PHY","Lowest HP% enemy","Physical","8.52","-","1.00","Two single attacks (4.26 each)","N","体当たり","","✓","✓"
"Ifrit (X)","","Crushing Flame","100%","100%","100%","100%","NAT","Lowest HP% enemy","","","","1.00","One single attack that deals 30000 damage, causes [Imperil Fire 10% (15s)]","N","劫炎の撃砕","","✓","✓"
"Gnoll (IX)","","Blizzara","20%","35%","50%","70%","BLK","Lowest HP% enemy","Magical","15.00","Ice","1.00","One single attack (15.00)","N","ブリザラ","","✓","✓"
"Gnoll (IX)","","Gnoll Attack","80%","65%","50%","30%","PHY","Lowest HP% enemy","Physical","4.50","-","1.00","One single attack (4.50)","N","ノールアタック","","✓","✓"
"Snowman (II)","","Snowball","20%","35%","50%","70%","PHY","Lowest HP% enemy","Physical","5.00","Ice","1.00","One single ranged attack (5.00)","N","スノーボール","","✓","✓"
"Snowman (II)","","Attack","80%","65%","50%","30%","PHY","Lowest HP% enemy","Physical","4.50","-","1.00","One single attack (4.50)","N","たたかう","","✓","✓"
"Snow Lion (VIII)","","Ice Breath","20%","35%","50%","70%","NAT","All enemies","Magical","14.40","Ice","1.00","One group attack (14.40)","N","アイスブレス","","✓","✓"
"Snow Lion (VIII)","","Rush","80%","65%","50%","30%","PHY","Lowest HP% enemy","Physical","5.40","-","1.00","One single attack (5.40)","N","突進","","✓","✓"
"White Dragon (I)","","Icestorm","20%","35%","50%","70%","NAT","All enemies","Magical","14.40","Ice","1.00","One group attack (14.40)","N","ふぶき","","✓","✓"
"White Dragon (I)","","Attack","80%","65%","50%","30%","PHY","Lowest HP% enemy","Physical","5.40","-","1.00","One single attack (5.40)","N","たたかう","","✓","✓"
"Taharka (IX)","","Blizzaga","10%","15%","20%","40%","BLK","Lowest HP% enemy","Magical","27.00","Ice","1.00","One single attack (27.00)","N","ブリザガ","","✓","✓"
"Taharka (IX)","","Chop","20%","35%","50%","50%","PHY","Lowest HP% enemy","Physical","8.64","-","1.00","One single attack (8.64)","N","切りきざむ","","✓","✓"
"Taharka (IX)","","Lunge","70%","50%","30%","10%","PHY","Lowest HP% enemy","Physical","6.84","-","1.00","One single attack (6.84)","N","体当たり","","✓","✓"
"Wendigo (XII)","","Haste","10%","15%","20%","40%","WHT","Random ally without status","","","","1.00","Grants [Haste]","N","ヘイスト","","✓","✓"
"Wendigo (XII)","","Tri-Attack","20%","35%","50%","50%","PHY","Random enemy without status","Physical","8.21","-","1.00","One single attack (8.21), causes [Slow] (29%)","N","トライアタック","","✓","✓"
"Wendigo (XII)","","Blizzara","70%","50%","30%","10%","BLK","Lowest HP% enemy","Magical","16.20","Ice","1.00","One single attack (16.20)","N","ブリザラ","","✓","✓"
"Sealion (IX)","","Blizzara","10%","15%","20%","40%","BLK","All enemies","Magical","21.60","Ice","1.00","One group attack (21.60)","N","ブリザラ","","✓","✓"
"Sealion (IX)","","Blizzard","20%","35%","50%","50%","BLK","Lowest HP% enemy","Magical","21.60","Ice","1.00","One single attack (21.60)","N","ブリザド","","✓","✓"
"Sealion (IX)","","Wing","70%","50%","30%","10%","PHY","Random enemy without status","Physical","6.16","-","1.00","One single attack (6.16), causes [Slow] (22%)","N","ウイング","","✓","✓"
"Krysta (VIII)","","Dextral Claws","10%","15%","20%","40%","PHY","Lowest HP% enemy","Physical","11.25","Ice","1.00","Three single ranged attacks (3.75 each)","N","右爪","","✓","✓"
"Krysta (VIII)","","Blizzara","20%","35%","50%","50%","BLK","Lowest HP% enemy","Magical","27.00","Ice","1.00","Two single attacks (13.50 each)","N","ブリザラ","","✓","✓"
"Krysta (VIII)","","Aim","70%","50%","30%","10%","PHY","Lowest HP% enemy","Physical","8.10","-","1.00","Two single attacks (4.05 each)","N","チャージ","","✓","✓"
"Dullahan (VI)","","Northern Cross","10%","15%","20%","40%","NAT","All enemies","Magical","25.66","Ice","1.00","Two group attacks (12.83 each), causes [Stop] (21%)","N","ノーザンクロス","","✓","✓"
"Dullahan (VI)","","Blizzaga","20%","35%","50%","50%","BLK","Lowest HP% enemy","Magical","27.00","Ice","1.00","Two single attacks (13.50 each)","N","ブリザガ","","✓","✓"
"Dullahan (VI)","","Morning Star","70%","50%","30%","10%","PHY","Lowest HP% enemy","Physical","8.10","-","1.00","Two single attacks (4.05 each)","N","モーニングスター","","✓","✓"
"Isgebind (XIV)","","Sheet of Ice","10%","15%","20%","40%","PHY","All enemies","Physical","8.56","Ice","1.00","Two group ranged attacks (4.28 each), causes [Paralyze] (21%) and [Sap] (21%)","N","シート・オブ・アイス","","✓","✓"
"Isgebind (XIV)","","Rime Wreath","20%","35%","50%","50%","PHY","All enemies","Physical","8.64","-","1.00","Two group ranged attacks (4.32 each)","N","ライムリリース","","✓","✓"
"Isgebind (XIV)","","Attack","70%","50%","30%","10%","PHY","Lowest HP% enemy","Physical","8.10","-","1.00","Two single attacks (4.05 each)","N","たたかう","","✓","✓"
"Manticore (V)","","Chilling Fang","10%","15%","20%","100%","PHY","Lowest HP% enemy","Physical","11.60","Ice","1.00","One single attack (11.60) capped at 99999","N","こごえるきば","","✓","✓"
"Manticore (V)","","Ice Claw","20%","35%","60%","0%","PHY","Lowest HP% enemy","Physical","9.45","Ice","1.00","Three single attacks (3.15 each)","N","アイスクロー","","✓","✓"
"Manticore (V)","","Critical","70%","50%","20%","0%","PHY","Lowest HP% enemy","Physical","8.52","-","1.00","Two single attacks (4.26 each)","N","クリティカル","","✓","✓"
"Mateus (XII)","","Flash-Freeze","10%","15%","20%","100%","BLK","Lowest HP% enemy","Magical","35.00","Ice","1.00","One single attack (35.00) capped at 99999","N","凍天撃","","✓","✓"
"Mateus (XII)","","Blizzaga","20%","35%","60%","0%","BLK","Lowest HP% enemy","Magical","28.35","Ice","1.00","Three single attacks (9.45 each)","N","ブリザガ","","✓","✓"
"Mateus (XII)","","Blizzard","70%","50%","20%","0%","BLK","Lowest HP% enemy","Magical","24.30","Ice","1.00","Two single attacks (12.15 each)","N","ブリザド","","✓","✓"
"Shiva (X)","","Hoarfrost Chillboom","100%","100%","100%","100%","NAT","Lowest HP% enemy","","","","1.00","One single attack that deals 30000 damage, causes [Imperil Ice 10% (15s)]","N","白氷の冷華","","✓","✓"
"Yellow Elemental (X)","","Thunder (Group)","20%","35%","50%","70%","BLK","All enemies","Magical","12.00","Lightning","1.00","One group attack (12.00)","N","サンダー（全体）","","✓","✓"
"Yellow Elemental (X)","","Thunder","80%","65%","50%","30%","BLK","Lowest HP% enemy","Magical","11.75","Lightning","1.00","One single attack (11.75)","N","サンダー","","✓","✓"
"Kalavinka Striker (XIII)","","Hellstorm Bolt","10%","15%","20%","40%","NAT","All enemies","Magical","15.00","Lightning","1.00","One group attack (15.00)","N","ヘルブラスト","","✓","✓"
"Kalavinka Striker (XIII)","","Electrified Breath","20%","35%","50%","50%","NAT","Lowest HP% enemy","Magical","15.00","Lightning","1.00","One single attack (15.00)","N","ショックブレス","","✓","✓"
"Kalavinka Striker (XIII)","","Attack","70%","50%","30%","10%","PHY","Lowest HP% enemy","Physical","4.50","-","1.00","One single attack (4.50)","N","たたかう","","✓","✓"
"Ymir (VI)","","Megavolt","20%","35%","50%","70%","NAT","All enemies","Magical","14.40","Lightning","1.00","One group attack (14.40)","N","1万ボルト","","✓","✓"
"Ymir (VI)","","Slime","80%","65%","50%","30%","PHY","Lowest HP% enemy","Physical","5.13","-","1.00","One single ranged attack (5.13), causes [Slow] (12%)","N","ねんえき","","✓","✓"
"Thunder Dragon (IV)","","Thunderbolt","20%","35%","50%","70%","NAT","All enemies","Magical","14.40","Lightning","1.00","One group attack (14.40)","N","いなずま","","✓","✓"
"Thunder Dragon (IV)","","Attack","80%","65%","50%","30%","PHY","Lowest HP% enemy","Physical","5.40","-","1.00","One single attack (5.40)","N","たたかう","","✓","✓"
"Humbaba (VI)","","1000 Needles","10%","15%","20%","40%","NAT","Lowest HP% enemy","","","","1.00","Deals 1000 damage","N","針千本","","✓","✓"
"Humbaba (VI)","","Thundaga","20%","35%","50%","50%","BLK","Lowest HP% enemy","Magical","21.60","Lightning","1.00","One single attack (21.60)","N","サンダガ","","✓","✓"
"Humbaba (VI)","","Thundara","70%","50%","30%","10%","BLK","Lowest HP% enemy","Magical","16.20","Lightning","1.00","One single attack (16.20)","N","サンダラ","","✓","✓"
"Enlil (XIII)","","Bellow","10%","15%","20%","40%","NAT","Random ally without status","","","","1.00","Grants [ATK +25%], [DEF -25%] for Next Damaging Action","N","おたけび","","✓","✓"
"Enlil (XIII)","","Thunderburst","20%","35%","50%","50%","NAT","Lowest HP% enemy","Magical","21.60","Lightning","1.00","One single attack (21.60)","N","雷球","","✓","✓"
"Enlil (XIII)","","Trample","70%","50%","30%","10%","PHY","All enemies","Physical","5.18","-","1.00","One group attack (5.18)","N","ふみつぶす","","✓","✓"
"Hydra (V)","","Thunderbolt","10%","15%","20%","40%","NAT","All enemies","Magical","21.60","Lightning","1.00","One group attack (21.60)","N","いなずま","","✓","✓"
"Hydra (V)","","Rush","20%","35%","50%","50%","PHY","Lowest HP% enemy","Physical","8.64","-","1.00","One single attack (8.64)","N","突進","","✓","✓"
"Hydra (V)","","Attack","70%","50%","30%","10%","PHY","Lowest HP% enemy","Physical","6.48","-","1.00","One single attack (6.48)","N","たたかう","","✓","✓"
"Mimic Queen (XII)","","Thundaga","10%","15%","20%","40%","BLK","Lowest HP% enemy","Magical","33.75","Lightning","1.00","Three single attacks (11.25 each)","N","サンダガ","","✓","✓"
"Mimic Queen (XII)","","Thunder","20%","35%","50%","50%","BLK","Lowest HP% enemy","Magical","27.00","Lightning","1.00","Three single attacks (9.00 each)","N","サンダー","","✓","✓"
"Mimic Queen (XII)","","Attack","70%","50%","30%","10%","PHY","Lowest HP% enemy","Physical","8.10","-","1.00","Two single attacks (4.05 each)","N","たたかう","","✓","✓"
"Garuda (III)","","Thundaga","10%","15%","20%","40%","BLK","Lowest HP% enemy","Magical","33.75","Lightning","1.00","Three single attacks (11.25 each)","N","サンダガ","","✓","✓"
"Garuda (III)","","Thundara","20%","35%","50%","50%","BLK","All enemies","Magical","21.60","Lightning","1.00","Two group attacks (10.80 each)","N","サンダラ","","✓","✓"
"Garuda (III)","","Blast Wave","70%","50%","30%","10%","PHY","All enemies","Physical","6.48","-","1.00","Two group ranged attacks (3.24 each)","N","衝撃波","","✓","✓"
"Ixion (X)","","Evade","10%","15%","20%","40%","NAT","Random ally without status","","","","1.00","Grants [Water Blink 1]","N","回避","","✓","✓"
"Ixion (X)","","Aerospark","20%","35%","50%","50%","PHY","Lowest HP% enemy","Physical","8.55","Lightning","1.00","One single ranged attack (8.55), removes positive effects","N","エアロスパーク","","✓","✓"
"Ixion (X)","","Attack","70%","50%","30%","10%","PHY","Lowest HP% enemy","Physical","8.10","-","1.00","Two single attacks (4.05 each)","N","たたかう","","✓","✓"
"Behemoth King (XIII)","","Thundering Strike","10%","15%","20%","100%","PHY","Lowest HP% enemy","Physical","11.60","Lightning","1.00","One single attack (11.60) capped at 99999","N","雷鳴撃","","✓","✓"
"Behemoth King (XIII)","","Spark Horn","20%","35%","60%","0%","PHY","Lowest HP% enemy","Physical","9.45","Lightning","1.00","Three single attacks (3.15 each)","N","スパークホーン","","✓","✓"
"Behemoth King (XIII)","","Rake","70%","50%","20%","0%","PHY","Lowest HP% enemy","Physical","8.52","-","1.00","Two single attacks (4.26 each)","N","ひっかき","","✓","✓"
"Quetzalcoatl (VIII)","","Thunder Call","10%","15%","20%","100%","BLK","Lowest HP% enemy","Magical","35.00","Lightning","1.00","One single attack (35.00) capped at 99999","N","召雷","","✓","✓"
"Quetzalcoatl (VIII)","","Thundaga","20%","35%","60%","0%","BLK","Lowest HP% enemy","Magical","28.35","Lightning","1.00","Three single attacks (9.45 each)","N","サンダガ","","✓","✓"
"Quetzalcoatl (VIII)","","Thundara","70%","50%","20%","0%","BLK","Lowest HP% enemy","Magical","24.30","Lightning","1.00","Two single attacks (12.15 each)","N","サンダラ","","✓","✓"
"Ramuh (VI)","","Thunderous Rebuke","100%","100%","100%","100%","NAT","Lowest HP% enemy","","","","1.00","One single attack that deals 30000 damage, causes [Imperil Lightning 10% (15s)]","N","轟雷の制裁","","✓","✓"
"Mimic Queen (Ultra Gigas)","","Gigas Blast: Lightning","100%","100%","100%","100%","NAT","Lowest HP% enemy","","","","","One single attack that deals 199999 damage, causes [Imperil Lightning 20% (?s)], grants [Buff Lightning 20% (?s)] to all allies","N","ギガスブラスト・雷","","",""
"Earth Elemental (I)","","Quake","20%","35%","50%","70%","BLK","All enemies","Magical","12.00","Earth","1.00","One group attack (12.00)","N","クエイク","","✓","✓"
"Earth Elemental (I)","","Attack","80%","65%","50%","30%","PHY","Lowest HP% enemy","Physical","4.50","-","1.00","One single attack (4.50)","N","たたかう","","✓","✓"
"Clay Golem (I)","","Haste","20%","35%","50%","70%","WHT","Random ally without status","","","","1.00","Grants [Haste]","N","ヘイスト","","✓","✓"
"Clay Golem (I)","","Quake","80%","65%","50%","30%","BLK","All enemies","Magical","9.00","Earth","1.00","One group attack (9.00)","N","クエイク","","✓","✓"
"Ralvuimago (IX)","","Power of the Land","10%","15%","20%","40%","NAT","All enemies","Magical","18.00","Earth","1.00","One group attack (18.00)","N","大地のパワー","","✓","✓"
"Ralvuimago (IX)","","Ultrasonic Waves","20%","35%","50%","50%","NAT","Random enemy without status","","","","1.00","[ATK -30%] for 15 seconds","N","超音波","","✓","✓"
"Ralvuimago (IX)","","Sting","70%","50%","30%","10%","PHY","Lowest HP% enemy","Physical","5.40","-","1.00","One single attack (5.40)","N","刺す","","✓","✓"
"Antlion (IX)","","Sandstorm","10%","15%","20%","40%","NAT","All enemies","Magical","17.10","Earth","1.00","One group attack (17.10), causes [Blind] (14%)","N","サンドストーム","","✓","✓"
"Antlion (IX)","","Trouble Mucus","20%","35%","50%","50%","PHY","Lowest HP% enemy","Physical","6.84","-","1.00","One single attack (6.84), causes [Confuse] (16%)","N","メイワク粘液","","✓","✓"
"Antlion (IX)","","Counter Horn","70%","50%","30%","10%","PHY","Lowest HP% enemy","Physical","5.40","-","1.00","One single attack (5.40)","N","反撃の角","","✓","✓"
"Sand Worm (X)","","Earthquake","10%","15%","20%","40%","NAT","All enemies","Magical","21.60","Earth","1.00","One group attack (21.60)","N","地震","","✓","✓"
"Sand Worm (X)","","Ram","20%","35%","50%","50%","PHY","Lowest HP% enemy","Physical","8.64","-","1.00","One single attack (8.64)","N","頭突き","","✓","✓"
"Sand Worm (X)","","Tail","70%","50%","30%","10%","PHY","Lowest HP% enemy","Physical","6.48","-","1.00","One single attack (6.48)","N","しっぽ","","✓","✓"
"Shell Dragon (IX)","","Earth Shake","10%","15%","20%","40%","NAT","All enemies","Magical","21.60","Earth","1.00","One group attack (21.60)","N","アースシェイク","","✓","✓"
"Shell Dragon (IX)","","Rush","20%","35%","50%","50%","PHY","All enemies","Physical","6.91","-","1.00","One group attack (6.91)","N","突進","","✓","✓"
"Shell Dragon (IX)","","Crush","70%","50%","30%","10%","PHY","Lowest HP% enemy","Physical","6.48","-","1.00","One single attack (6.48)","N","押しつぶす","","✓","✓"
"Golem (V)","","Earthen Wall","10%","15%","20%","40%","NAT","Random ally without status","","","","1.00","Grants [Lightning Stoneskin: Magicite 30%]","N","アースウォール","","✓","✓"
"Golem (V)","","Earthquake","20%","35%","50%","50%","NAT","All enemies","Magical","17.28","Earth","1.00","One group attack (17.28)","N","地震","","✓","✓"
"Golem (V)","","Attack","70%","50%","30%","10%","PHY","Lowest HP% enemy","Physical","6.48","-","1.00","One single attack (6.48)","N","たたかう","","✓","✓"
"Earth Guardian (IX)","","Earth Shake","10%","15%","20%","40%","NAT","All enemies","Magical","27.00","Earth","1.00","Two group attacks (13.50 each)","N","アースシェイク","","✓","✓"
"Earth Guardian (IX)","","Stonega","20%","35%","50%","50%","BLK","Lowest HP% enemy","Magical","27.00","Earth","1.00","Two single attacks (13.50 each)","N","ストンガ","","✓","✓"
"Earth Guardian (IX)","","Double Slash","70%","50%","30%","10%","PHY","Lowest HP% enemy","Physical","8.10","-","1.00","Two single attacks (4.05 each)","N","諸手斬り","","✓","✓"
"Catastrophe (V)","","Quake","10%","15%","20%","40%","BLK","All enemies","Magical","27.00","Earth","1.00","Two group attacks (13.50 each)","N","クエイク","","✓","✓"
"Catastrophe (V)","","Critical","20%","35%","50%","50%","PHY","Lowest HP% enemy","Physical","10.80","-","1.00","Two single attacks (5.40 each)","N","クリティカル","","✓","✓"
"Catastrophe (V)","","Attack","70%","50%","30%","10%","PHY","Lowest HP% enemy","Physical","8.10","-","1.00","Two single attacks (4.05 each)","N","たたかう","","✓","✓"
"Midgardsormr (VI)","","Quake","10%","15%","20%","40%","BLK","All enemies","Magical","27.00","Earth","1.00","Two group attacks (13.50 each)","N","クエイク","","✓","✓"
"Midgardsormr (VI)","","Stonega","20%","35%","50%","50%","BLK","Lowest HP% enemy","Magical","27.00","Earth","1.00","Two single attacks (13.50 each)","N","ストンガ","","✓","✓"
"Midgardsormr (VI)","","Tail","70%","50%","30%","10%","PHY","All enemies","Physical","6.48","-","1.00","Two group attacks (3.24 each)","N","しっぽ","","✓","✓"
"Adamantoise (XV)","","Gargantuan Roar","10%","15%","20%","100%","PHY","All enemies","Physical","10.00","Earth","1.00","One group ranged attack (10.00) capped at 99999","N","巨獣鳴動","","✓","✓"
"Adamantoise (XV)","","Rock Smash","20%","35%","60%","0%","PHY","Lowest HP% enemy","Physical","9.45","Earth","1.00","Three single attacks (3.15 each)","N","岩砕撃","","✓","✓"
"Adamantoise (XV)","","Ram","70%","50%","20%","0%","PHY","Lowest HP% enemy","Physical","8.52","-","1.00","Two single attacks (4.26 each)","N","頭突き","","✓","✓"
"Hecatoncheir (XIII)","","Quakeja","10%","15%","20%","100%","BLK","All enemies","Magical","28.50","Earth","1.00","One group attack (28.50) capped at 99999","N","クエイジャ","","✓","✓"
"Hecatoncheir (XIII)","","Stonega","20%","35%","60%","0%","BLK","Lowest HP% enemy","Magical","28.35","Earth","1.00","Three single attacks (9.45 each)","N","ストンガ","","✓","✓"
"Hecatoncheir (XIII)","","Rush","70%","50%","20%","0%","PHY","Lowest HP% enemy","Physical","8.52","-","1.00","Two single attacks (4.26 each)","N","ラッシュ","","✓","✓"
"Titan (V)","","Guttural Rage","100%","100%","100%","100%","NAT","Lowest HP% enemy","","","","1.00","One single attack that deals 30000 damage, causes [Imperil Earth 10% (15s)]","N","剛地の憤怒","30600265","✓","✓"
"Sandworm (Ultra Gigas)","","Gigas Blast: Earth","100%","100%","100%","100%","NAT","Lowest HP% enemy","","","","","One single attack that deals 199999 damage, causes [Imperil Earth 20% (?s)], grants [Buff Earth 20% (?s)] to all allies","N","ギガスブラスト・地","","",""
"Rangda (XIII)","","Aeroga","10%","15%","20%","40%","NAT","Lowest HP% enemy","Magical","18.75","Wind","1.00","One single attack (18.75)","N","エアロガ","","✓","✓"
"Rangda (XIII)","","Aerora","20%","35%","50%","50%","NAT","Lowest HP% enemy","Magical","15.00","Wind","1.00","One single attack (15.00)","N","エアロラ","","✓","✓"
"Rangda (XIII)","","Attack","70%","50%","30%","10%","PHY","Lowest HP% enemy","Physical","4.50","-","1.00","One single attack (4.50)","N","たたかう","","✓","✓"
"Galypdes (V)","","Cyclonic","10%","15%","20%","40%","NAT","All enemies","Magical","15.00","Wind","1.00","One group attack (15.00)","N","大旋風","","✓","✓"
"Galypdes (V)","","Flap","20%","35%","50%","50%","PHY","Lowest HP% enemy","Physical","6.00","-","1.00","One single attack (6.00)","N","はばたく","","✓","✓"
"Galypdes (V)","","Shamshir","70%","50%","30%","10%","PHY","Lowest HP% enemy","Physical","4.50","-","1.00","One single attack (4.50)","N","シャムシール","","✓","✓"
"Zu (V)","","Wing Gale","20%","35%","50%","70%","NAT","All enemies","Magical","14.40","Wind","1.00","One group attack (14.40)","N","ブレスウイング","","✓","✓"
"Zu (V)","","Attack","80%","65%","50%","30%","PHY","Lowest HP% enemy","Physical","5.40","-","1.00","One single attack (5.40)","N","たたかう","","✓","✓"
"Rapps (VII)","","Aeroga","20%","35%","50%","70%","NAT","Random enemy","Magical","18.00","Wind","1.00","One random attack (18.00)","N","エアロガ","","✓","✓"
"Rapps (VII)","","Scorpion's Tail","80%","65%","50%","30%","PHY","Random enemy without status","Physical","5.13","-","1.00","One single attack (5.13), causes [Poison] (12%)","N","サソリの尾","","✓","✓"
"Wing Raptor (V)","","Wing Gale","10%","15%","20%","40%","NAT","All enemies","Magical","21.60","Wind","1.00","One group attack (21.60)","N","ブレスウイング","","✓","✓"
"Wing Raptor (V)","","Claw","20%","35%","50%","50%","PHY","Lowest HP% enemy","Physical","8.64","-","1.00","One single attack (8.64)","N","つめ","","✓","✓"
"Wing Raptor (V)","","Attack","70%","50%","30%","10%","PHY","Lowest HP% enemy","Physical","6.48","-","1.00","One single attack (6.48)","N","たたかう","","✓","✓"
"Enkidu (V)","","Dischord","10%","15%","20%","40%","NAT","Random enemy without status","","","","1.00","[DEF and RES -20%] for 15 seconds","N","かいおんぱ","","✓","✓"
"Enkidu (V)","","Wind Slash","20%","35%","50%","50%","NAT","Lowest HP% enemy","Magical","21.60","Wind","1.00","One single attack (21.60)","N","かまいたち","","✓","✓"
"Enkidu (V)","","Aerora","70%","50%","30%","10%","NAT","Lowest HP% enemy","Magical","16.20","Wind","1.00","One single attack (16.20)","N","エアロラ","","✓","✓"
"Fenrir (VI)","","Withering Winds","10%","15%","20%","40%","NAT","All enemies","Magical","21.60","Wind","1.00","One group attack (21.60)","N","千年の風化","","✓","✓"
"Fenrir (VI)","","Wind Slash","20%","35%","50%","50%","NAT","Lowest HP% enemy","Magical","21.60","Wind","1.00","One single attack (21.60)","N","かまいたち","","✓","✓"
"Fenrir (VI)","","Bite","70%","50%","30%","10%","PHY","Lowest HP% enemy","Physical","6.48","-","1.00","One single attack (6.48)","N","かみつく","","✓","✓"
"Sylph (V)","","Haste","10%","15%","20%","40%","WHT","Random ally without status","","","","1.00","Grants [Haste]","N","ヘイスト","","✓","✓"
"Sylph (V)","","Aerora","20%","35%","50%","50%","BLU","Lowest HP% enemy","Magical","27.00","Wind","1.00","Two single attacks (13.50 each)","N","エアロラ","","✓","✓"
"Sylph (V)","","Aero","70%","50%","30%","10%","BLU","Lowest HP% enemy","Magical","20.26","Wind","1.00","Two single attacks (10.13 each)","N","エアロ","","✓","✓"
"Silver Dragon (IX)","","Aerial Slash","10%","15%","20%","40%","PHY","All enemies","Physical","9.00","Wind","1.00","Two group ranged attacks (4.50 each)","N","真空波","","✓","✓"
"Silver Dragon (IX)","","Blast Wave","20%","35%","50%","50%","PHY","All enemies","Physical","8.64","-","1.00","Two group ranged attacks (4.32 each)","N","衝撃波","","✓","✓"
"Silver Dragon (IX)","","Claw","70%","50%","30%","10%","PHY","Lowest HP% enemy","Physical","8.10","-","1.00","Two single attacks (4.05 each)","N","クロー","","✓","✓"
"Tiamat (IX)","","Aeroga","10%","15%","20%","40%","BLU","Lowest HP% enemy","Magical","33.75","Wind","1.00","Three single attacks (11.25 each)","N","エアロガ","","✓","✓"
"Tiamat (IX)","","Silent Claw","20%","35%","50%","50%","PHY","Random enemy without status","Physical","10.26","-","1.00","Two single attacks (5.13 each), causes [Silence] (24%)","N","サイレントクロー","","✓","✓"
"Tiamat (IX)","","Attack","70%","50%","30%","10%","PHY","Lowest HP% enemy","Physical","8.10","-","1.00","Two single attacks (4.05 each)","N","たたかう","","✓","✓"
"Typhon","","Vacuum Wave","10%","15%","20%","100%","PHY","Lowest HP% enemy","Physical","11.60","Wind","1.00","One single ranged attack (11.60) capped at 99999","N","しんくうは","","✓","✓"
"Typhon","","Gale Cut","20%","35%","60%","0%","PHY","Lowest HP% enemy","Physical","9.45","Wind","1.00","Three single ranged attacks (3.15 each)","N","れっぷうさつ","","✓","✓"
"Typhon","","Hit","70%","50%","20%","0%","PHY","Lowest HP% enemy","Physical","8.52","-","1.00","Two single attacks (4.26 each)","N","なぐる","","✓","✓"
"Syldra","","Maelstrom","10%","15%","20%","100%","BLK","Lowest HP% enemy","Magical","35.00","Wind","1.00","One single attack (35.00) capped at 99999","N","ミールストーム","","✓","✓"
"Syldra","","Aeroga","20%","35%","60%","0%","BLK","Lowest HP% enemy","Magical","28.35","Wind","1.00","Three single attacks (9.45 each)","N","エアロガ","","✓","✓"
"Syldra","","Body Slam","70%","50%","20%","0%","PHY","Lowest HP% enemy","Physical","8.52","-","1.00","Two single attacks (4.26 each)","N","体当たり","","✓","✓"
"Valefor (X)","","Majestic Wings","100%","100%","100%","100%","NAT","Lowest HP% enemy","","","","1.00","One single attack that deals 30000 damage, causes [Imperil Wind 10% (15s)]","N","威風の速翼","","✓","✓"
"Water Flan (X)","","Water","20%","35%","50%","70%","BLK","Lowest HP% enemy","Magical","15.00","Water","1.00","One single attack (15.00)","N","ウォータ","","✓","✓"
"Water Flan (X)","","Attack","80%","65%","50%","30%","PHY","Lowest HP% enemy","Physical","4.50","-","1.00","One single attack (4.50)","N","たたかう","","✓","✓"
"Sahagin (IV)","","Water Cannon","20%","35%","50%","70%","NAT","Lowest HP% enemy","Magical","15.00","Water","1.00","One single attack (15.00)","N","水鉄砲","","✓","✓"
"Sahagin (IV)","","Attack","80%","65%","50%","30%","PHY","Lowest HP% enemy","Physical","4.50","-","1.00","One single attack (4.50)","N","たたかう","","✓","✓"
"Anguiform (VI)","","Aqua Breath","20%","35%","50%","70%","NAT","All enemies","Magical","14.40","Water","1.00","One group attack (14.40)","N","アクアブレス","","✓","✓"
"Anguiform (VI)","","Garrote","80%","65%","50%","30%","PHY","Lowest HP% enemy","Physical","5.40","-","1.00","One single attack (5.40)","N","まきつきしめる","","✓","✓"
"Sea Dragon (II)","","Tsunami","20%","35%","50%","70%","NAT","All enemies","Magical","14.40","Water","1.00","One group attack (14.40)","N","つなみ","","✓","✓"
"Sea Dragon (II)","","Attack","80%","65%","50%","30%","PHY","Lowest HP% enemy","Physical","5.40","-","1.00","One single attack (5.40)","N","たたかう","","✓","✓"
"Bottomswell (VII)","","Big Wave","20%","35%","50%","70%","NAT","All enemies","Magical","17.28","Water","1.00","One group attack (17.28)","N","ビッグウェーブ","","✓","✓"
"Bottomswell (VII)","","Tail Attack","80%","65%","50%","30%","PHY","Lowest HP% enemy","Physical","6.48","-","1.00","One single attack (6.48)","N","テイルアタック","","✓","✓"
"Enki (XIII)","","Bellow","10%","15%","20%","40%","NAT","Random ally without status","","","","1.00","Grants [MAG +25%], [RES -25%] for Next Damaging Action","N","おたけび","","✓","✓"
"Enki (XIII)","","Waterburst","20%","35%","50%","50%","NAT","Lowest HP% enemy","Magical","21.60","Water","1.00","One single attack (21.60)","N","水弾","","✓","✓"
"Enki (XIII)","","Trample","70%","50%","30%","10%","PHY","All enemies","Physical","5.18","-","1.00","One group attack (5.18)","N","ふみつぶす","","✓","✓"
"Bismarck (VI)","","Breach Blast","10%","15%","20%","40%","NAT","All enemies","Magical","21.60","Water","1.00","One group attack (21.60)","N","バブルブロウ","","✓","✓"
"Bismarck (VI)","","Watera","20%","35%","50%","50%","BLK","Lowest HP% enemy","Magical","21.60","Water","1.00","One single attack (21.60)","N","ウォタラ","","✓","✓"
"Bismarck (VI)","","Lunge","70%","50%","30%","10%","PHY","All enemies","Physical","5.18","-","1.00","One group attack (5.18)","N","体当たり","","✓","✓"
"Gizamaluke (IX)","","Water (Group)","10%","15%","20%","40%","BLK","All enemies","Magical","27.00","Water","1.00","Two group attacks (13.50 each)","N","ウォータ（全体）","","✓","✓"
"Gizamaluke (IX)","","Water","20%","35%","50%","50%","BLK","Lowest HP% enemy","Magical","27.00","Water","1.00","Two single attacks (13.50 each)","N","ウォータ","","✓","✓"
"Gizamaluke (IX)","","Lunge","70%","50%","30%","10%","PHY","Lowest HP% enemy","Physical","8.10","-","1.00","Two single attacks (4.05 each)","N","体当たり","","✓","✓"
"Octomammoth (IV)","","Waterga","10%","15%","20%","40%","BLK","Lowest HP% enemy","Magical","33.75","Water","1.00","Three single attacks (11.25 each)","N","ウォタガ","","✓","✓"
"Octomammoth (IV)","","Water","20%","35%","50%","50%","BLK","All enemies","Magical","21.60","Water","1.00","Two group attacks (10.80 each)","N","ウォータ","","✓","✓"
"Octomammoth (IV)","","Attack","70%","50%","30%","10%","PHY","Lowest HP% enemy","Physical","8.10","-","1.00","Two single attacks (4.05 each)","N","たたかう","","✓","✓"
"Kraken (IX)","","Water Cannon","10%","15%","20%","40%","NAT","Lowest HP% enemy","Magical","33.75","Water","1.00","Three single attacks (11.25 each)","N","水鉄砲","","✓","✓"
"Kraken (IX)","","Ink","20%","35%","50%","50%","PHY","Random enemy without status","Physical","10.26","-","1.00","One single ranged attack (10.26), causes [Blind] (42%)","N","スミ","","✓","✓"
"Kraken (IX)","","Leg","70%","50%","30%","10%","PHY","Lowest HP% enemy","Physical","8.10","-","1.00","Two single attacks (4.05 each)","N","足","","✓","✓"
"Geosgaeno (X)","","Hard Splash","10%","15%","20%","100%","PHY","Lowest HP% enemy","Physical","11.60","Water","1.00","One single ranged attack (11.60) capped at 99999","N","ハードスプラッシュ","","✓","✓"
"Geosgaeno (X)","","Hydro Palm","20%","35%","60%","0%","PHY","Lowest HP% enemy","Physical","9.45","Water","1.00","Three single attacks (3.15 each)","N","水圧掌","","✓","✓"
"Geosgaeno (X)","","Punch","70%","50%","20%","0%","PHY","Lowest HP% enemy","Physical","8.52","-","1.00","Two single attacks (4.26 each)","N","パンチ","","✓","✓"
"Famfrit (XII)","","Waterja","10%","15%","20%","100%","BLK","Lowest HP% enemy","Magical","35.00","Water","1.00","One single attack (35.00) capped at 99999","N","ウォタジャ","","✓","✓"
"Famfrit (XII)","","Waterga","20%","35%","60%","0%","BLK","Lowest HP% enemy","Magical","28.35","Water","1.00","Three single attacks (9.45 each)","N","ウォタガ","","✓","✓"
"Famfrit (XII)","","Hit","70%","50%","20%","0%","PHY","Lowest HP% enemy","Physical","8.52","-","1.00","Two single attacks (4.26 each)","N","なぐる","","✓","✓"
"Leviathan (V)","","Imperial Wave","100%","100%","100%","100%","NAT","Lowest HP% enemy","","","","1.00","One single attack that deals 30000 damage, causes [Imperil Water 10% (15s)]","N","皇水の一波","","✓","✓"
"Cooler Mammoth (Ultra Gigas)","","Gigas Blast: Water","100%","100%","100%","100%","NAT","Lowest HP% enemy","","","","","One single attack that deals 199999 damage, causes [Imperil Water 20% (?s)], grants [Buff Water 20% (?s)] to all allies","N","ギガスブラスト・水","","",""
"Cure Beast (V)","","Cura","10%","15%","20%","40%","WHT","Lowest HP% ally","Magical","2.00","Holy","1.00","Restores HP (50), damages undeads","N","ケアルラ","","✓","✓"
"Cure Beast (V)","","Critical","20%","35%","50%","50%","PHY","Lowest HP% enemy","Physical","6.00","-","1.00","One single attack (6.00)","N","クリティカル","","✓","✓"
"Cure Beast (V)","","Attack","70%","50%","30%","10%","PHY","Lowest HP% enemy","Physical","4.50","-","1.00","One single attack (4.50)","N","たたかう","","✓","✓"
"Fairy Orc (V)","","Curaja","10%","15%","20%","40%","WHT","Lowest HP% ally","Magical","4.00","Holy","1.00","Restores HP (50), damages undeads","N","ケアルガ","","✓","✓"
"Fairy Orc (V)","","Spear","20%","35%","50%","50%","PHY","Lowest HP% enemy","Physical","6.00","-","1.00","One single attack (6.00)","N","やり","","✓","✓"
"Fairy Orc (V)","","Attack","70%","50%","30%","10%","PHY","Lowest HP% enemy","Physical","4.50","-","1.00","One single attack (4.50)","N","たたかう","","✓","✓"
"Nymph (IX)","","Silent Kiss","20%","35%","50%","70%","PHY","Random enemy without status","Physical","6.84","-","1.00","One single attack (6.84), causes [Silence] (16%)","N","沈黙のキック","","✓","✓"
"Nymph (IX)","","Attack","80%","65%","50%","30%","PHY","Lowest HP% enemy","Physical","5.40","-","1.00","One single attack (5.40)","N","たたかう","","✓","✓"
"White Flame (V)","","White Wind","5%","10%","15%","20%","WHT","All allies","","","","1.00","Restores HP (17)","N","ホワイトウィンド","","✓","✓"
"White Flame (V)","","Attack","95%","90%","85%","80%","PHY","Lowest HP% enemy","Physical","5.40","-","1.00","One single attack (5.40)","N","たたかう","","✓","✓"
"Kirin (VI)","","Holy Aura","5%","10%","15%","20%","WHT","All allies","","","","1.00","Grants [Low Regen]","N","ホーリーブライトン","","✓","✓"
"Kirin (VI)","","Cura","25%","40%","55%","70%","WHT","Lowest HP% ally","Magical","2.00","Holy","1.00","Restores HP (62), damages undeads","N","ケアルラ","","✓","✓"
"Kirin (VI)","","Regen","70%","50%","30%","10%","WHT","Random ally without status","","","","1.00","Grants [Low Regen]","N","リジェネ","","✓","✓"
"Unicorn (VI)","","Esuna","10%","15%","20%","40%","WHT","Random ally with status","","","","1.00","Removes negative effects, refusal without valid target","N","エスナ","","✓","✓"
"Unicorn (VI)","","Curaja","20%","35%","50%","50%","WHT","Lowest HP% ally","Magical","4.00","Holy","1.00","Restores HP (62), damages undeads","N","ケアルガ","","✓","✓"
"Unicorn (VI)","","Cura","70%","50%","30%","10%","WHT","Lowest HP% ally","Magical","2.00","Holy","1.00","Restores HP (47), damages undeads","N","ケアルラ","","✓","✓"
"Mist Dragon (IV)","","Freezing Mist","10%","15%","20%","40%","NAT","All enemies","Magical","21.60","Holy","1.00","One group attack (21.60)","N","つめたいきり","","✓","✓"
"Mist Dragon (IV)","","Holy","20%","35%","50%","50%","WHT","Lowest HP% enemy","Magical","21.60","Holy","1.00","One single attack (21.60)","N","ホーリー","","✓","✓"
"Mist Dragon (IV)","","Attack","70%","50%","30%","10%","PHY","Lowest HP% enemy","Physical","6.48","-","1.00","One single attack (6.48)","N","たたかう","","✓","✓"
"Seraph (VI)","","Shellga","10%","15%","20%","40%","WHT","All allies","","","","1.00","Grants [Shell]","N","シェルガ","","✓","✓"
"Seraph (VI)","","Esuna","20%","35%","50%","50%","WHT","Random ally with status","","","","1.00","Removes negative effects, refusal without valid target","N","エスナ","","✓","✓"
"Seraph (VI)","","Curaja","70%","50%","30%","10%","WHT","Lowest HP% ally","Magical","4.00","Holy","1.00","Restores HP (61), damages undeads","N","ケアルガ","","✓","✓"
"Evrae (X)","","Haste","10%","15%","20%","40%","WHT","Random ally without status","","","","1.00","Grants [Haste]","N","ヘイスト","","✓","✓"
"Evrae (X)","","Holy","20%","35%","50%","50%","WHT","Lowest HP% enemy","Magical","27.00","Holy","1.00","Three single attacks (9.00 each)","N","ホーリー","","✓","✓"
"Evrae (X)","","Attack","70%","50%","30%","10%","PHY","Lowest HP% enemy","Physical","8.10","-","1.00","Two single attacks (4.05 each)","N","たたかう","","✓","✓"
"Siren (V)","","Protectga","10%","15%","20%","40%","WHT","All allies","","","","1.00","Grants [Protect]","N","プロテガ","","✓","✓"
"Siren (V)","","Regen","20%","35%","50%","50%","WHT","Random ally without status","","","","1.00","Grants [High Regen]","N","リジェネ","","✓","✓"
"Siren (V)","","Curaja","70%","50%","30%","10%","WHT","Lowest HP% ally","Magical","4.00","Holy","1.00","Restores HP (61), damages undeads","N","ケアルガ","","✓","✓"
"Madeen (IX)","","Terra Impact","10%","15%","20%","100%","PHY","Lowest HP% enemy","Physical","11.60","Holy","1.00","One single attack (11.60) capped at 99999","N","テラインパクト","","✓","✓"
"Madeen (IX)","","Holy Press","20%","35%","60%","0%","PHY","Lowest HP% enemy","Physical","9.45","Holy","1.00","Three single attacks (3.15 each)","N","ホーリープレス","","✓","✓"
"Madeen (IX)","","Trample","70%","50%","20%","0%","PHY","Lowest HP% enemy","Physical","8.52","-","1.00","Two single attacks (4.26 each)","N","なぐる","","✓","✓"
"Lakshmi (VI)","","Holyja","10%","15%","20%","100%","WHT","Lowest HP% enemy","Magical","35.00","Holy","1.00","One single attack (35.00) capped at 99999","N","ホーリジャ","","✓","✓"
"Lakshmi (VI)","","Holy","20%","35%","60%","0%","WHT","Lowest HP% enemy","Magical","28.35","Holy","1.00","Three single attacks (9.45 each)","N","ホーリー","","✓","✓"
"Lakshmi (VI)","","Rake","70%","50%","20%","0%","PHY","Lowest HP% enemy","Physical","8.52","-","1.00","Two single attacks (4.26 each)","N","ひっかき","","✓","✓"
"Alexander (VI)","","Holy Luster","100%","100%","100%","100%","NAT","Lowest HP% enemy","","","","1.00","One single attack that deals 30000 damage, causes [Imperil Holy 10% (15s)]","N","審聖の光閃","","✓","✓"
"Lilith (IV)","","Slap","10%","15%","20%","40%","NAT","Random enemy without status","","","","1.00","Causes [Paralyze] (25%) and [Silence] (25%), refusal against immunities","N","ひらてうち","","✓","✓"
"Lilith (IV)","","Entice","20%","35%","50%","50%","NAT","Random enemy without status","","","","1.00","Causes [Confuse] (20%), refusal against immunities","N","ゆうわく","","✓","✓"
"Lilith (IV)","","Attack","70%","50%","30%","10%","PHY","Random enemy without status","Physical","4.28","-","1.00","One single attack (4.28), causes [Confuse] (10%)","N","たたかう","","✓","✓"
"Forbidden (VIII)","","Blind","10%","15%","20%","40%","BLK","Random enemy without status","","","","1.00","Causes [Blind] (25%), refusal against immunities","N","ブライン","","✓","✓"
"Forbidden (VIII)","","Iai Blow","20%","35%","50%","50%","PHY","Lowest HP% enemy","Physical","5.70","-","1.00","One single attack (5.70), causes [Instant KO] (13%)","N","居あい抜き","","✓","✓"
"Forbidden (VIII)","","Thrust","70%","50%","30%","10%","PHY","Lowest HP% enemy","Physical","4.50","-","1.00","One single attack (4.50)","N","突き","","✓","✓"
"Etém (XII)","","Death","10%","15%","20%","40%","BLK","Random enemy without status","","","","1.00","Causes [Instant KO] (30%), refusal against immunities","N","デス","","✓","✓"
"Etém (XII)","","Stop","20%","35%","50%","50%","BLK","Random enemy without status","","","","1.00","Causes [Stop] (24%), refusal against immunities","N","ストップ","","✓","✓"
"Etém (XII)","","Darkga","70%","50%","30%","10%","BLK","Lowest HP% enemy","Magical","13.50","Dark","1.00","One single attack (13.50)","N","ダーガ","","✓","✓"
"Ghoul (FFT)","","Sleep Touch","10%","15%","20%","40%","NAT","Random enemy without status","","","","1.00","Causes [Sleep] (30%), refusal against immunities","N","スリープタッチ","","✓","✓"
"Ghoul (FFT)","","Oily Touch","20%","35%","50%","50%","NAT","Random enemy without status","","","","1.00","[RES -30%] for 15 seconds","N","グリースタッチ","","✓","✓"
"Ghoul (FFT)","","Ectoplasm","70%","50%","30%","10%","PHY","Lowest HP% enemy","Physical","5.40","-","1.00","One single ranged attack (5.40)","N","霊気を飛ばす","","✓","✓"
"Darkmare (XII)","","Dark (Group)","10%","15%","20%","40%","BLK","All enemies","Magical","21.60","Dark","1.00","One group attack (21.60)","N","ダーク(全体)","","✓","✓"
"Darkmare (XII)","","Dark","20%","35%","50%","50%","BLK","Lowest HP% enemy","Magical","21.60","Dark","1.00","One single attack (21.60)","N","ダーク","","✓","✓"
"Darkmare (XII)","","Snake Lash","70%","50%","30%","10%","PHY","Random enemy without status","Physical","6.16","-","1.00","One single attack (6.16), causes [Poison] (22%)","N","スネークウィップ","","✓","✓"
"Phantom (VI)","","Death","10%","15%","20%","40%","BLK","Random enemy without status","","","","1.00","Causes [Instant KO] (56%), refusal against immunities","N","デス","","✓","✓"
"Phantom (VI)","","Banish","20%","35%","50%","50%","NAT","Random ally without status","","","","1.00","Grants [Holy Blink 1]","N","バニシュ","","✓","✓"
"Phantom (VI)","","Dark","70%","50%","30%","10%","BLK","All enemies","Magical","12.96","Dark","1.00","One group attack (12.96)","N","ダーク","","✓","✓"
"Shadow Dragon (IV)","","Black Fang","10%","15%","20%","40%","PHY","Random enemy without status","Physical","8.54","Dark","1.00","Two single attacks (4.27 each), causes [Sap] (36%)","N","黒い牙","","✓","✓"
"Shadow Dragon (IV)","","Binding Cold","20%","35%","50%","50%","NAT","All enemies","Magical","16.42","Dark","1.00","One group attack (16.42), causes [Paralyze] (20%)","N","呪縛の冷気","","✓","✓"
"Shadow Dragon (IV)","","Dark Breath","70%","50%","30%","10%","NAT","All enemies","Magical","12.96","Dark","1.00","One group attack (12.96)","N","ダークブレス","","✓","✓"
"Dragon Zombie (VII)","","Pandora's Box","10%","15%","20%","40%","BLK","All enemies","Magical","27.00","Dark","1.00","Two group attacks (13.50 each)","N","なんとか？","","✓","✓"
"Dragon Zombie (VII)","","Darkra","20%","35%","50%","50%","BLK","Lowest HP% enemy","Magical","27.00","Dark","1.00","Three single attacks (9.00 each)","N","ダーラ","","✓","✓"
"Dragon Zombie (VII)","","Bone Toss","70%","50%","30%","10%","PHY","Lowest HP% enemy","Physical","7.70","-","1.00","Two single attacks (3.85 each), causes [Paralyze] (10%)","N","ボーン","","✓","✓"
"Necrophobe (V)","","Sap","10%","15%","20%","40%","NAT","Random enemy without status","Magical","38.48","-","1.00","Two single attacks (19.24 each), causes [Sap] (31%)","N","スリップ","","✓","✓"
"Necrophobe (V)","","Darkra","20%","35%","50%","50%","BLK","Lowest HP% enemy","Magical","27.00","Dark","1.00","Three single attacks (9.00 each)","N","ダーラ","","✓","✓"
"Necrophobe (V)","","Vacuum Wave","70%","50%","30%","10%","PHY","All enemies","Physical","6.48","-","1.00","Two group ranged attacks (3.24 each)","N","しんくうは","","✓","✓"
"Hades (VII)","","Doomsday","10%","15%","20%","40%","BLK","All enemies","Magical","27.00","Dark","1.00","Two group attacks (13.50 each)","N","ジハード","","✓","✓"
"Hades (VII)","","Flare","20%","35%","50%","50%","BLK","Lowest HP% enemy","Magical","32.40","-","1.00","Three single attacks (10.80 each)","N","フレア","","✓","✓"
"Hades (VII)","","Attack","70%","50%","30%","10%","PHY","Lowest HP% enemy","Physical","8.10","-","1.00","Two single attacks (4.05 each)","N","たたかう","","✓","✓"
"Ark (IX)","","Photon","10%","15%","20%","100%","PHY","Lowest HP% enemy","Physical","11.60","Dark","1.00","One single ranged attack (11.60) capped at 99999","N","フォトン","","✓","✓"
"Ark (IX)","","Blood Boomerang","20%","35%","60%","0%","PHY","Lowest HP% enemy","Physical","9.45","Dark","1.00","Three single ranged attacks (3.15 each)","N","ブラッドブーメラン","","✓","✓"
"Ark (IX)","","Whirlwind","70%","50%","20%","0%","PHY","Lowest HP% enemy","Physical","8.52","-","1.00","Two single ranged attacks (4.26 each)","N","たつまき","","✓","✓"
"Deathgaze (VI)","","Darkga","10%","15%","20%","100%","BLK","Lowest HP% enemy","Magical","35.00","Dark","1.00","One single attack (35.00) capped at 99999","N","ダーガ","","✓","✓"
"Deathgaze (VI)","","Dark","20%","35%","60%","0%","BLK","Lowest HP% enemy","Magical","28.35","Dark","1.00","Three single attacks (9.45 each)","N","ダーク","","✓","✓"
"Deathgaze (VI)","","Spin","70%","50%","20%","0%","PHY","Lowest HP% enemy","Physical","8.52","-","1.00","Two single attacks (4.26 each)","N","ぶんまわす","","✓","✓"
"Diablos (XI)","","Dark Slumber","100%","100%","100%","100%","NAT","Lowest HP% enemy","","","","1.00","One single attack that deals 30000 damage, causes [Imperil Dark 10% (15s)]","N","冥闇の微睡","","✓","✓"
"Orthros (VI)","","Tentacle","100%","100%","100%","100%","NAT","Lowest HP% enemy","","","","1.00","One single attack that deals 30000 damage, causes [Imperil Poison 10% (15s)]","N","触手","","✓","✓"
"Odin (Ultra Attack)","","Silvery Slash","100%","100%","100%","100%","PHY","Lowest HP% enemy","Physical","0.75","Fire, Ice, Lightning, Earth, Wind, Water, Holy, Dark, Poison","1.40","One single attack (0.75) capped at 99999, ignores DEF, causes [Imperil Prismatic 10% (15s)]","N","絢白の斬撃","30600273","✓","✓"
"Odin (Ultra Magic)","","Silvery Pillar","100%","100%","100%","100%","BLK","Lowest HP% enemy","Magical","2.25","Fire, Ice, Lightning, Earth, Wind, Water, Holy, Dark, Poison","1.40","One single attack (2.15) capped at 99999, ignores RES, causes [Imperil Prismatic 10% (15s)]","N","絢白の光柱","30600274","✓","✓"
"Neo Bahamut (Ultra Attack)","","Red Wyrm Wave: Physical","100%","100%","100%","100%","PHY","Lowest HP% enemy","Physical","0.75","Fire, Ice, Lightning, Earth, Wind, Water, Holy, Dark, Poison","1.40","One single ranged attack (0.75) capped at 99999, ignores DEF, causes [Imperil Prismatic 10% (15s)]","N","紅竜の波動・攻","","✓",""
"Neo Bahamut (Ultra Magic)","","Red Wyrm Wave: Magic","100%","100%","100%","100%","BLK","Lowest HP% enemy","Magical","2.25","Fire, Ice, Lightning, Earth, Wind, Water, Holy, Dark, Poison","1.40","One single attack (2.15) capped at 99999, ignores RES, causes [Imperil Prismatic 10% (15s)]","N","紅竜の波動・魔","30600277","✓","✓"
"Bahamut ZERO (Ultra Attack)","","Gaia Wyrm Vacuum Wave: Physical","100%","100%","100%","100%","PHY","Lowest HP% enemy","Physical","","Fire, Ice, Lightning, Earth, Wind, Water, Holy, Dark, Poison","1.40","One single ranged attack (?/?/?/?/?/?/?/?/?) capped at 99999 scaling with the number of ZERO Seals on the magicite, causes [Imperil Prismatic 10% (15s)], ignores DEF","N","星竜の真空波・攻","","",""
"Bahamut ZERO (Ultra Magic)","","Gaia Wyrm Vacuum Wave: Magic","100%","100%","100%","100%","BLK","Lowest HP% enemy","Magical","4.60","Fire, Ice, Lightning, Earth, Wind, Water, Holy, Dark, Poison","1.40","One single attack (4.05/4.11/4.18/4.25/4.32/4.39/4.46/4.53/4.60) capped at 99999 scaling with the number of ZERO Seals on the magicite, causes [Imperil Prismatic 10% (15s)], ignores RES","N","紅竜の波動・魔","30600279","","✓"
"Gilgamesh (Ultra Attack)","","Excalibur: Physcial","100%","100%","100%","100%","PHY","Lowest HP% enemy","Physical","","Fire, Ice, Lightning, Earth, Wind, Water, Holy, Dark, Poison","","One single ranged attack (?) capped at 99999, ignores DEF, causes [Imperil Prismatic 10% (?s)]","N","エクスカリバー・攻","","",""
"Gilgamesh (Ultra Magic)","","Excalibur: Magic","100%","100%","100%","100%","BLK","Lowest HP% enemy","Magical","","Fire, Ice, Lightning, Earth, Wind, Water, Holy, Dark, Poison","","One single attack (?) capped at 99999, ignores RES, causes [Imperil Prismatic 10% (?s)]","N","エクスカリバー・魔","","",""
"Eden (Ultra Attack)","","Eden's Ray: Physical","100%","100%","100%","100%","PHY","Lowest HP% enemy","Physical","","Fire, Ice, Lightning, Earth, Wind, Water, Holy, Dark, Poison","","One single ranged attack (?) capped at 99999, ignores DEF, grants [Buff Prismatic 10% (?s)]","N","エデンズレイ・攻","","",""
"Eden (Ultra Attack)","","Eden's Breath Physical","0%","0%","0%","0%","PHY","Lowest HP% enemy","Physical","","Fire, Ice, Lightning, Earth, Wind, Water, Holy, Dark, Poison","0.01","One single ranged attack (?) capped at 79999, ignores DEF","N","エデンズブレス・攻 ","","",""
"Eden (Ultra Attack)","","Eden's High Breath Physical","0%","0%","0%","0%","PHY","Lowest HP% enemy","Physical","","Fire, Ice, Lightning, Earth, Wind, Water, Holy, Dark, Poison","0.01","One single ranged attack (?) capped at 99999, ignores DEF","N","エデンズハイブレス・攻 ","","",""
"Eden (Ultra Magic)","","Eden's Ray: Magic","100%","100%","100%","100%","BLK","Lowest HP% enemy","Magical","","Fire, Ice, Lightning, Earth, Wind, Water, Holy, Dark, Poison","","One single attack (?) capped at 99999, ignores RES, grants [Buff Prismatic 10% (?s)]","N","エデンズレイ・魔","","",""
"Eden (Ultra Magic)","","Eden's Breath Magic","0%","0%","0%","0%","BLK","Lowest HP% enemy","Magical","","Fire, Ice, Lightning, Earth, Wind, Water, Holy, Dark, Poison","0.01","One single attack (?) capped at 79999, ignores RES","N","エデンズブレス・魔","","",""
"Eden (Ultra Magic)","","Eden's High Breath Magic","0%","0%","0%","0%","BLK","Lowest HP% enemy","Magical","","Fire, Ice, Lightning, Earth, Wind, Water, Holy, Dark, Poison","0.01","One single attack (?) capped at 99999, ignores RES","N","エデンズハイブレス・魔","","",""
"Raiden (Ultra Attack)","","True Knight's Slash","100%","100%","100%","100%","PHY","Lowest HP% enemy","Physical","","Fire, Ice, Lightning, Earth, Wind, Water, Holy, Dark, Poison","","One single ranged attack (?) capped at 99999, ignores DEF, causes [Imperil Prismatic 10% (?s)]","N","真騎の斬撃","","",""
"Raiden (Ultra Magic)","","True Knight's Pillar","100%","100%","100%","100%","BLK","Lowest HP% enemy","Magical","","Fire, Ice, Lightning, Earth, Wind, Water, Holy, Dark, Poison","","One single attack (?) capped at 99999, ignores RES, causes [Imperil Prismatic 10% (?s)]","N","真騎の光柱","","",""
"Crusader (Ultra Attack)","","Delta Magic: Physical","100%","100%","100%","100%","PHY","Lowest HP% enemy","Physical","","Fire, Ice, Lightning, Earth, Wind, Water, Holy, Dark, Poison","","One single ranged attack (?) capped at 99999, ignores DEF, causes [Imperil Prismatic 10% (?s)]","N","デルタマジック・攻 ","","",""
"Crusader (Ultra Magic)","","Delta Magic: Magic","100%","100%","100%","100%","BLK","Lowest HP% enemy","Magical","","Fire, Ice, Lightning, Earth, Wind, Water, Holy, Dark, Poison","","One single attack (?) capped at 99999, ignores RES, causes [Imperil Prismatic 10% (?s)]","N","デルタマジック・魔 ","","",""
"Atomos (Ultra Attack)","","Gravity Sphere: Physical","100%","100%","100%","100%","PHY","Lowest HP% enemy","Physical","","Fire, Ice, Lightning, Earth, Wind, Water, Holy, Dark, Poison","","One single ranged attack (?) capped at 99999, ignores DEF","N","重力球・攻","","",""
"Atomos (Ultra Magic)","","Gravity Sphere: Magic","100%","100%","100%","100%","BLK","Lowest HP% enemy","Magical","","Fire, Ice, Lightning, Earth, Wind, Water, Holy, Dark, Poison","","One single attack (?) capped at 99999, ignores RES","N","重力球・魔","","",""
"Ark (Ultra Attack)","","Photon Blade: Physical","100%","100%","100%","100%","PHY","Lowest HP% enemy","Physical","","Fire, Ice, Lightning, Earth, Wind, Water, Holy, Dark, Poison","","One single ranged attack (?) capped at 99999, ignores DEF","N","フォトンブレード・攻","","",""
"Ark (Ultra Magic)","","Photon Blade: Magic","100%","100%","100%","100%","BLK","Lowest HP% enemy","Magical","","Fire, Ice, Lightning, Earth, Wind, Water, Holy, Dark, Poison","","One single attack (?) capped at 99999, ignores RES","N","フォトンブレード・魔","","",""
"Shinryu Celestia (Ultra Attack)","","Dragon's Breath: Physical","100%","100%","100%","100%","PHY","Lowest HP% enemy","Physical","","Fire, Ice, Lightning, Earth, Wind, Water, Holy, Dark, Poison","","One single ranged attack (?) capped at 99999, ignores DEF","N","神龍の息吹・攻","","",""
"Shinryu Celestia (Ultra Magic)","","Dragon's Breath: Magic","100%","100%","100%","100%","BLK","Lowest HP% enemy","Magical","","Fire, Ice, Lightning, Earth, Wind, Water, Holy, Dark, Poison","","One single attack (?) capped at 99999, ignores RES","N","神龍の息吹・魔","","",""
"Warring Bahamut ZERO (Ultra Attack)","","Warring Mega Flare: Physical","100%","100%","100%","100%","PHY","Lowest HP% enemy","Physical","","Fire, Ice, Lightning, Earth, Wind, Water, Holy, Dark, Poison","","One single ranged attack (?) capped at 199999, ignores DEF","N","軍神メガフレア・攻","","",""
"Warring Bahamut ZERO (Ultra Magic)","","Warring Mega Flare: Magic","100%","100%","100%","100%","BLK","Lowest HP% enemy","Magical","","Fire, Ice, Lightning, Earth, Wind, Water, Holy, Dark, Poison","","One single attack (?) capped at 199999, ignores RES","N","軍神メガフレア・魔","","",""
"Anima (Ultra Attack)","","Pain: Physical","100%","100%","100%","100%","PHY","Lowest HP% enemy","Physical","","Fire, Ice, Lightning, Earth, Wind, Water, Holy, Dark, Poison","","One single ranged attack (?) capped at 99999, ignores DEF, causes [Pain 10%]","N","ペイン・攻","","",""
"Anima (Ultra Magic)","","Pain: Magic","100%","100%","100%","100%","BLK","Lowest HP% enemy","Magical","","Fire, Ice, Lightning, Earth, Wind, Water, Holy, Dark, Poison","","One single attack (?) capped at 99999, ignores RES, causes [Pain 10%]","N","ペイン・魔","","",""
"Magus Sisters (Ultra Attack)","","Razzia: Physical","50%","50%","50%","50%","PHY","Lowest HP% enemy","Physical","","Fire, Ice, Lightning, Earth, Wind, Water, Holy, Dark, Poison","","One single ranged attack (?) capped at 199999, ignores DEF, grants [DEF and RES 50% Piercing 1] to all allies","N","シュメルツェンド・攻","","",""
"Magus Sisters (Ultra Attack)","","Camisade: Physical","30%","30%","30%","30%","PHY","Lowest HP% enemy","Physical","","Fire, Ice, Lightning, Earth, Wind, Water, Holy, Dark, Poison","","One single ranged attack (?) capped at 199999, ignores DEF, grants [200% ATB 1] to all allies","N","アングルティール・攻","","",""
"Magus Sisters (Ultra Attack)","","Passado: Physical","20%","20%","20%","20%","PHY","Lowest HP% enemy","Physical","","Fire, Ice, Lightning, Earth, Wind, Water, Holy, Dark, Poison","","One single ranged attack (?) capped at 199999, ignores DEF, grants [Dualcast Prismatic 1] to all allies","N","リトルナーレ・攻","","",""
"Magus Sisters (Ultra Magic)","","Razzia: Magic","50%","50%","50%","50%","BLK","Lowest HP% enemy","Magical","","Fire, Ice, Lightning, Earth, Wind, Water, Holy, Dark, Poison","","One single attack (?) capped at 199999, ignores RES, grants [DEF and RES 50% Piercing 1] to all allies","N","シュメルツェンド・魔","","",""
"Magus Sisters (Ultra Magic)","","Camisade: Magic","30%","30%","30%","30%","BLK","Lowest HP% enemy","Magical","","Fire, Ice, Lightning, Earth, Wind, Water, Holy, Dark, Poison","","One single attack (?) capped at 199999, ignores RES, grants [200% ATB 1] to all allies","N","アングルティール・魔","","",""
"Magus Sisters (Ultra Magic)","","Passado: Magic","20%","20%","20%","20%","BLK","Lowest HP% enemy","Magical","","Fire, Ice, Lightning, Earth, Wind, Water, Holy, Dark, Poison","","One single attack (?) capped at 199999, ignores RES, grants [Dualcast Prismatic 1] to all allies","N","リトルナーレ・魔","","",""
"Historia Crystal","","Historia Burst 1","100%","0%","0%","0%","NAT","Lowest HP% enemy","","","","1.00","One single attack that deals 5000 damage","N","ヒストリアバースト","","✓","✓"
"Historia Crystal","","Historia Burst 2","0%","100%","0%","0%","NAT","Lowest HP% enemy","","","","1.00","One single attack that deals 10000 damage, causes [Imperil Prismatic 10% (15s)]","N","ヒストリアバースト","","✓","✓"
"Historia Crystal","","Historia Burst 3","0%","0%","100%","0%","NAT","Lowest HP% enemy","","","","1.00","One single attack that deals 20000 damage, causes [Imperil Prismatic 10% (15s)]","N","ヒストリアバースト","","✓","✓"
"Historia Crystal","","Historia Burst 4","0%","0%","0%","100%","NAT","Lowest HP% enemy","","","","1.00","One single attack that deals 30000 damage, causes [Imperil Prismatic 10% (15s)]","N","ヒストリアバースト","","✓","✓"